date,open,high,low,close,volume
2021-09-17,2.9000000953674316,2.9600000381469727,2.8399999141693115,2.880000114440918,976
2021-09-20,3.0999999046325684,3.0999999046325684,2.7799999713897705,2.7799999713897705,4938
2021-09-21,2.9000000953674316,2.9000000953674316,2.740000009536743,2.740000009536743,8623
2021-09-22,2.740000009536743,2.8399999141693115,2.740000009536743,2.740000009536743,1357
2021-09-23,2.740000009536743,2.880000114440918,2.700000047683716,2.700000047683716,7717
2021-09-24,2.700000047683716,2.9000000953674316,2.700000047683716,2.759999990463257,3339
2021-09-27,2.700000047683716,2.799999952316284,2.700000047683716,2.7200000286102295,1481
2021-09-28,2.799999952316284,2.799999952316284,2.7200000286102295,2.7200000286102295,5016
2021-09-29,2.799999952316284,2.799999952316284,2.619999885559082,2.640000104904175,40834
2021-09-30,2.859999895095825,2.859999895095825,2.5999999046325684,2.7200000286102295,4258
2021-10-01,2.7799999713897705,2.819999933242798,2.680000066757202,2.819999933242798,2046
2021-10-04,2.880000114440918,2.880000114440918,2.7200000286102295,2.7200000286102295,243
2021-10-05,2.7200000286102295,2.799999952316284,2.7200000286102295,2.7200000286102295,312
2021-10-06,2.7200000286102295,2.799999952316284,2.7200000286102295,2.7200000286102295,370
2021-10-07,2.7200000286102295,2.859999895095825,2.7200000286102295,2.7200000286102295,211
2021-10-08,2.7200000286102295,2.799999952316284,2.7200000286102295,2.7200000286102295,874
2021-10-11,2.799999952316284,2.799999952316284,2.619999885559082,2.700000047683716,6420
2021-10-12,2.759999990463257,2.759999990463257,2.680000066757202,2.680000066757202,19
2021-10-13,2.759999990463257,2.759999990463257,2.700000047683716,2.740000009536743,584
2021-10-14,2.859999895095825,2.940000057220459,2.680000066757202,2.8399999141693115,17003
2021-10-15,2.9600000381469727,2.9600000381469727,2.759999990463257,2.759999990463257,28
2021-10-18,2.759999990463257,2.819999933242798,2.759999990463257,2.819999933242798,510
2021-10-19,2.9000000953674316,2.9800000190734863,2.819999933242798,2.819999933242798,22582
2021-10-20,2.940000057220459,2.940000057220459,2.819999933242798,2.819999933242798,627
2021-10-21,2.940000057220459,2.940000057220459,2.819999933242798,2.819999933242798,520
2021-10-22,2.9600000381469727,2.9600000381469727,2.819999933242798,2.9000000953674316,4802
2021-10-25,2.9600000381469727,2.9600000381469727,2.819999933242798,2.819999933242798,758
2021-10-26,2.7799999713897705,2.9600000381469727,2.7799999713897705,2.8399999141693115,1320
2021-10-27,2.880000114440918,2.880000114440918,2.819999933242798,2.819999933242798,27
2021-10-28,2.880000114440918,2.880000114440918,2.7799999713897705,2.7799999713897705,135
2021-10-29,2.880000114440918,2.9000000953674316,2.7799999713897705,2.8399999141693115,5541
2021-11-02,2.9600000381469727,2.9600000381469727,2.799999952316284,2.799999952316284,481
2021-11-03,2.9200000762939453,2.9200000762939453,2.7799999713897705,2.9000000953674316,207
2021-11-04,2.9000000953674316,2.9000000953674316,2.7799999713897705,2.799999952316284,53
2021-11-05,2.880000114440918,2.9200000762939453,2.8399999141693115,2.8399999141693115,1469
2021-11-08,2.9600000381469727,2.9600000381469727,2.799999952316284,2.799999952316284,720
2021-11-09,2.9600000381469727,2.9600000381469727,2.8399999141693115,2.8399999141693115,69
2021-11-10,2.880000114440918,2.880000114440918,2.700000047683716,2.700000047683716,301
2021-11-12,2.700000047683716,2.8399999141693115,2.700000047683716,2.8399999141693115,6
2021-11-15,2.9600000381469727,2.9600000381469727,2.799999952316284,2.859999895095825,8597
2021-11-16,2.9000000953674316,2.9000000953674316,2.9000000953674316,2.9000000953674316,34
2021-11-17,2.9000000953674316,2.9000000953674316,2.799999952316284,2.8399999141693115,6524
2021-11-18,2.9000000953674316,2.9000000953674316,2.9000000953674316,2.9000000953674316,6
2021-11-19,2.8399999141693115,2.9000000953674316,2.799999952316284,2.799999952316284,14188
2021-11-22,2.799999952316284,2.799999952316284,2.619999885559082,2.619999885559082,6003
2021-11-23,2.7200000286102295,2.7200000286102295,2.619999885559082,2.619999885559082,513
2021-11-24,2.5999999046325684,2.759999990463257,2.5999999046325684,2.640000104904175,738
2021-11-25,2.640000104904175,2.859999895095825,2.640000104904175,2.640000104904175,5087
2021-11-26,2.880000114440918,2.880000114440918,2.5399999618530273,2.5999999046325684,4191
2021-11-29,2.799999952316284,2.799999952316284,2.559999942779541,2.619999885559082,4068
2021-11-30,2.619999885559082,2.7200000286102295,2.5799999237060547,2.7200000286102295,11166
2021-12-01,2.7799999713897705,2.9600000381469727,2.759999990463257,2.9000000953674316,7631
2021-12-02,2.940000057220459,2.940000057220459,2.940000057220459,2.940000057220459,6
2021-12-03,2.940000057220459,2.940000057220459,2.799999952316284,2.880000114440918,1407
2021-12-06,2.859999895095825,2.859999895095825,2.619999885559082,2.6600000858306885,16
2021-12-07,2.859999895095825,2.859999895095825,2.619999885559082,2.7200000286102295,11
2021-12-08,2.859999895095825,2.859999895095825,2.640000104904175,2.6600000858306885,60
2021-12-09,2.859999895095825,2.859999895095825,2.6600000858306885,2.6600000858306885,2190
2021-12-10,2.6600000858306885,2.7799999713897705,2.6600000858306885,2.6600000858306885,52
2021-12-13,2.700000047683716,2.799999952316284,2.680000066757202,2.680000066757202,3312
2021-12-14,2.799999952316284,2.859999895095825,2.6600000858306885,2.6600000858306885,3465
2021-12-15,2.8399999141693115,2.8399999141693115,2.6600000858306885,2.6600000858306885,543
2021-12-16,2.7799999713897705,2.7799999713897705,2.6600000858306885,2.6600000858306885,335
2021-12-17,2.6600000858306885,2.700000047683716,2.6600000858306885,2.700000047683716,1583
2021-12-20,2.799999952316284,2.799999952316284,2.619999885559082,2.619999885559082,4496
2021-12-21,2.619999885559082,2.680000066757202,2.619999885559082,2.680000066757202,2492
2021-12-22,2.759999990463257,2.759999990463257,2.619999885559082,2.619999885559082,607
2021-12-23,2.619999885559082,2.700000047683716,2.619999885559082,2.700000047683716,101
2021-12-27,2.700000047683716,2.700000047683716,2.700000047683716,2.700000047683716,2
2021-12-28,2.700000047683716,2.700000047683716,2.700000047683716,2.700000047683716,6
2021-12-29,2.700000047683716,2.700000047683716,2.619999885559082,2.619999885559082,559
2021-12-30,2.700000047683716,2.700000047683716,2.619999885559082,2.619999885559082,7
2022-01-03,2.700000047683716,2.700000047683716,2.700000047683716,2.700000047683716,231
2022-01-04,2.700000047683716,2.700000047683716,2.619999885559082,2.700000047683716,1100
2022-01-05,2.700000047683716,2.700000047683716,2.700000047683716,2.700000047683716,38
2022-01-07,2.700000047683716,2.700000047683716,2.700000047683716,2.700000047683716,37
2022-01-10,2.700000047683716,2.700000047683716,2.619999885559082,2.700000047683716,1024
2022-01-11,2.619999885559082,2.700000047683716,2.619999885559082,2.700000047683716,268
2022-01-12,2.700000047683716,2.700000047683716,2.700000047683716,2.700000047683716,26
2022-01-13,2.700000047683716,2.700000047683716,2.5199999809265137,2.5399999618530273,46273
2022-01-14,2.5,2.5399999618530273,2.5,2.5,7310
2022-01-17,2.5999999046325684,2.5999999046325684,2.4200000762939453,2.4200000762939453,5098
2022-01-18,2.4600000381469727,2.4600000381469727,2.3399999141693115,2.3399999141693115,21107
2022-01-19,2.3399999141693115,2.359999895095825,2.3399999141693115,2.3399999141693115,5174
2022-01-20,2.4800000190734863,2.4800000190734863,2.259999990463257,2.299999952316284,12204
2022-01-21,2.2799999713897705,2.319999933242798,2.259999990463257,2.299999952316284,6166
2022-01-24,2.319999933242798,2.319999933242798,2.259999990463257,2.299999952316284,2926
2022-01-25,2.299999952316284,2.319999933242798,2.299999952316284,2.319999933242798,1712
2022-01-26,2.299999952316284,2.3399999141693115,2.299999952316284,2.299999952316284,2973
2022-01-27,2.4600000381469727,2.4600000381469727,2.2200000286102295,2.2200000286102295,2986
2022-01-28,2.319999933242798,2.319999933242798,2.299999952316284,2.299999952316284,25
2022-01-31,2.319999933242798,2.319999933242798,2.299999952316284,2.299999952316284,1329
2022-02-01,2.2799999713897705,2.2799999713897705,2.240000009536743,2.2799999713897705,990
2022-02-02,2.319999933242798,2.319999933242798,2.319999933242798,2.319999933242798,33
2022-02-03,2.319999933242798,2.319999933242798,2.319999933242798,2.319999933242798,26
2022-02-04,2.319999933242798,2.3399999141693115,2.319999933242798,2.3399999141693115,620
2022-02-07,2.4200000762939453,2.4200000762939453,2.3399999141693115,2.359999895095825,826
2022-02-08,2.359999895095825,2.359999895095825,2.299999952316284,2.299999952316284,3639
2022-02-09,2.359999895095825,2.359999895095825,2.3399999141693115,2.3399999141693115,2019
2022-02-10,2.3399999141693115,2.359999895095825,2.3399999141693115,2.359999895095825,315
2022-02-11,2.359999895095825,2.359999895095825,2.359999895095825,2.359999895095825,27
2022-02-14,2.359999895095825,2.359999895095825,2.319999933242798,2.3399999141693115,451
2022-02-15,2.3399999141693115,2.3399999141693115,2.3399999141693115,2.3399999141693115,21
2022-02-16,2.3399999141693115,2.3399999141693115,2.299999952316284,2.299999952316284,2887
2022-02-17,2.3399999141693115,2.3399999141693115,2.3399999141693115,2.3399999141693115,22
2022-02-18,2.319999933242798,2.4800000190734863,2.319999933242798,2.4800000190734863,9283
2022-02-21,2.4800000190734863,2.4800000190734863,2.3399999141693115,2.4000000953674316,3831
2022-02-22,2.380000114440918,2.4800000190734863,2.380000114440918,2.4000000953674316,12131
2022-02-23,2.319999933242798,2.4000000953674316,2.319999933242798,2.4000000953674316,4100
2022-02-24,2.319999933242798,2.359999895095825,2.0,2.359999895095825,8723
2022-02-25,2.299999952316284,2.380000114440918,2.2799999713897705,2.2799999713897705,18161
2022-02-28,2.299999952316284,2.4800000190734863,2.299999952316284,2.319999933242798,8816
2022-03-01,2.359999895095825,2.380000114440918,2.259999990463257,2.259999990463257,7260
2022-03-02,2.299999952316284,2.319999933242798,2.259999990463257,2.259999990463257,16
2022-03-03,2.299999952316284,2.299999952316284,2.240000009536743,2.2799999713897705,4553
2022-03-04,2.4200000762939453,2.4200000762939453,2.200000047683716,2.319999933242798,8
2022-03-07,2.299999952316284,2.299999952316284,2.140000104904175,2.2200000286102295,6928
2022-03-08,2.259999990463257,2.259999990463257,2.059999942779541,2.0999999046325684,18303
2022-03-09,2.259999990463257,2.259999990463257,2.0399999618530273,2.119999885559082,14012
2022-03-10,2.140000104904175,2.319999933242798,2.059999942779541,2.200000047683716,15999
2022-03-11,2.200000047683716,2.259999990463257,2.140000104904175,2.1600000858306885,39353
2022-03-14,2.2200000286102295,2.2200000286102295,2.119999885559082,2.119999885559082,8
2022-03-15,2.119999885559082,2.119999885559082,2.119999885559082,2.119999885559082,0
2022-03-16,2.200000047683716,2.200000047683716,2.119999885559082,2.119999885559082,7
2022-03-17,2.119999885559082,2.119999885559082,2.0799999237060547,2.0799999237060547,28047
2022-03-18,2.140000104904175,2.140000104904175,2.0799999237060547,2.140000104904175,2019
2022-03-21,2.140000104904175,2.140000104904175,2.0999999046325684,2.140000104904175,11571
2022-03-22,2.140000104904175,2.200000047683716,2.140000104904175,2.200000047683716,11
2022-03-23,2.200000047683716,2.299999952316284,2.180000066757202,2.299999952316284,3868
2022-03-24,2.2799999713897705,2.319999933242798,2.2799999713897705,2.319999933242798,904
2022-03-25,2.319999933242798,2.380000114440918,2.319999933242798,2.380000114440918,4774
2022-03-28,2.380000114440918,2.5999999046325684,2.380000114440918,2.5999999046325684,11945
2022-03-29,2.5999999046325684,2.759999990463257,2.5,2.5,11795
2022-03-30,2.619999885559082,2.619999885559082,2.4000000953674316,2.4000000953674316,4653
2022-03-31,2.5399999618530273,2.5399999618530273,2.299999952316284,2.299999952316284,9808
2022-04-01,2.299999952316284,2.440000057220459,2.140000104904175,2.259999990463257,39279
2022-04-04,2.359999895095825,2.359999895095825,2.200000047683716,2.240000009536743,4208
2022-04-05,2.180000066757202,2.2799999713897705,2.180000066757202,2.200000047683716,11505
2022-04-06,2.240000009536743,2.240000009536743,2.140000104904175,2.140000104904175,6377
2022-04-07,2.200000047683716,2.259999990463257,2.200000047683716,2.259999990463257,2849
2022-04-08,2.259999990463257,2.2799999713897705,2.259999990463257,2.2799999713897705,48
2022-04-11,2.2799999713897705,2.380000114440918,2.240000009536743,2.299999952316284,31140
2022-04-12,2.299999952316284,2.299999952316284,2.2200000286102295,2.2200000286102295,150
2022-04-13,2.299999952316284,2.309999942779541,2.2200000286102295,2.2200000286102295,26983
2022-04-14,2.2799999713897705,2.2799999713897705,2.180000066757202,2.180000066757202,27467
2022-04-19,2.180000066757202,2.2899999618530273,2.180000066757202,2.2899999618530273,3588
2022-04-20,2.2899999618530273,2.2899999618530273,2.1500000953674316,2.2100000381469727,11650
2022-04-21,2.2100000381469727,2.2100000381469727,2.119999885559082,2.190000057220459,18658
2022-04-22,2.200000047683716,2.2200000286102295,2.200000047683716,2.2200000286102295,502
2022-04-25,2.2200000286102295,2.2200000286102295,2.009999990463257,2.0999999046325684,16040
2022-04-26,2.0199999809265137,2.0999999046325684,1.934999942779541,1.940000057220459,43391
2022-04-27,2.0,2.0,1.850000023841858,1.9299999475479126,9211
2022-04-28,1.9500000476837158,2.049999952316284,1.7999999523162842,1.899999976158142,25016
2022-04-29,1.909999966621399,1.909999966621399,1.7999999523162842,1.8899999856948853,8750
2022-05-02,1.8049999475479126,1.8849999904632568,1.7999999523162842,1.7999999523162842,98109
2022-05-04,1.8899999856948853,1.8899999856948853,1.7999999523162842,1.8450000286102295,9479
2022-05-05,1.8799999952316284,1.8799999952316284,1.7999999523162842,1.850000023841858,7823
2022-05-06,1.8300000429153442,1.8300000429153442,1.7949999570846558,1.809999942779541,1801
2022-05-09,1.8300000429153442,1.8300000429153442,1.8300000429153442,1.8300000429153442,43
2022-05-10,1.8300000429153442,1.8300000429153442,1.7400000095367432,1.7699999809265137,9245
2022-05-11,1.7799999713897705,1.7799999713897705,1.6950000524520874,1.7000000476837158,13287
2022-05-12,1.7799999713897705,1.7799999713897705,1.690000057220459,1.7000000476837158,6092
2022-05-13,1.690000057220459,1.7400000095367432,1.6799999475479126,1.6799999475479126,17302
2022-05-16,1.7000000476837158,1.7400000095367432,1.684999942779541,1.684999942779541,36860
2022-05-17,1.7000000476837158,1.7100000381469727,1.6150000095367432,1.6799999475479126,85984
2022-05-18,1.6799999475479126,1.6799999475479126,1.6200000047683716,1.6749999523162842,28164
2022-05-19,1.684999942779541,1.684999942779541,1.6050000190734863,1.6050000190734863,11066
2022-05-20,1.5950000286102295,1.6649999618530273,1.5950000286102295,1.6449999809265137,7781
2022-05-23,1.6449999809265137,1.6449999809265137,1.5800000429153442,1.5800000429153442,20167
2022-05-24,1.5800000429153442,1.6299999952316284,1.559999942779541,1.565000057220459,5609
2022-05-25,1.5700000524520874,1.6549999713897705,1.5099999904632568,1.5299999713897705,74501
2022-05-26,1.5199999809265137,1.7400000095367432,1.5199999809265137,1.659999966621399,51264
2022-05-27,1.7400000095367432,1.7400000095367432,1.6549999713897705,1.6549999713897705,5962
2022-05-30,1.6549999713897705,1.6799999475479126,1.6399999856948853,1.6399999856948853,6002
2022-05-31,1.649999976158142,1.7400000095367432,1.649999976158142,1.7000000476837158,23973
2022-06-01,1.7000000476837158,1.7799999713897705,1.5850000381469727,1.590000033378601,22507
2022-06-02,1.5850000381469727,1.6200000047683716,1.5700000524520874,1.600000023841858,18211
2022-06-03,1.649999976158142,1.649999976158142,1.649999976158142,1.649999976158142,1000
2022-06-06,1.6799999475479126,1.7599999904632568,1.6399999856948853,1.7400000095367432,7092
2022-06-07,1.7300000190734863,1.7300000190734863,1.559999942779541,1.590000033378601,34536
2022-06-08,1.6200000047683716,1.649999976158142,1.590000033378601,1.590000033378601,37463
2022-06-09,1.6399999856948853,1.7000000476837158,1.590000033378601,1.6349999904632568,6602
2022-06-10,1.7000000476837158,1.7000000476837158,1.5950000286102295,1.600000023841858,9306
2022-06-13,1.6749999523162842,1.6749999523162842,1.524999976158142,1.5299999713897705,17207
2022-06-14,1.5299999713897705,1.590000033378601,1.440000057220459,1.559999942779541,34071
2022-06-15,1.625,1.625,1.4950000047683716,1.4950000047683716,12947
2022-06-17,1.4950000047683716,1.565000057220459,1.409999966621399,1.5399999618530273,30361
2022-06-20,1.5399999618530273,1.5399999618530273,1.4550000429153442,1.5199999809265137,2637
2022-06-21,1.5199999809265137,1.5399999618530273,1.4800000190734863,1.5399999618530273,3981
2022-06-22,1.5700000524520874,1.5700000524520874,1.5,1.559999942779541,1731
2022-06-23,1.559999942779541,1.559999942779541,1.559999942779541,1.559999942779541,7744
2022-06-24,1.5700000524520874,1.5700000524520874,1.5299999713897705,1.5299999713897705,1006
2022-06-27,1.600000023841858,1.600000023841858,1.4800000190734863,1.4900000095367432,4920
2022-06-28,1.5,1.5750000476837158,1.5,1.5750000476837158,28
2022-06-29,1.625,1.625,1.5700000524520874,1.600000023841858,2035
2022-06-30,1.625,1.625,1.5499999523162842,1.5499999523162842,1615
2022-07-01,1.6100000143051147,1.6100000143051147,1.5,1.5,3484
2022-07-04,1.590000033378601,1.590000033378601,1.5,1.5,707
2022-07-05,1.590000033378601,1.590000033378601,1.5049999952316284,1.5049999952316284,4392
2022-07-06,1.5049999952316284,1.5850000381469727,1.5,1.565000057220459,808
2022-07-07,1.5700000524520874,1.5800000429153442,1.5,1.5,2182
2022-07-08,1.5,1.5850000381469727,1.5,1.5,271
2022-07-11,1.5049999952316284,1.5499999523162842,1.5049999952316284,1.5199999809265137,246
2022-07-12,1.5199999809265137,1.5850000381469727,1.5,1.5099999904632568,6917
2022-07-13,1.5800000429153442,1.6200000047683716,1.5099999904632568,1.5700000524520874,9272
2022-07-14,1.7200000286102295,1.8350000381469727,1.6649999618530273,1.684999942779541,36289
2022-07-15,1.7300000190734863,1.7699999809265137,1.6699999570846558,1.6699999570846558,3564
2022-07-18,1.6699999570846558,1.75,1.6699999570846558,1.7000000476837158,1732
2022-07-19,1.7000000476837158,1.815000057220459,1.7000000476837158,1.7949999570846558,1977
2022-07-20,1.8200000524520874,1.8200000524520874,1.7300000190734863,1.7300000190734863,7771
2022-07-21,1.7999999523162842,1.7999999523162842,1.690000057220459,1.7400000095367432,184
2022-07-22,1.784999966621399,1.784999966621399,1.7400000095367432,1.7400000095367432,972
2022-07-25,1.8600000143051147,1.8600000143051147,1.684999942779541,1.684999942779541,1017
2022-07-26,1.684999942779541,1.7400000095367432,1.684999942779541,1.7400000095367432,36
2022-07-27,1.7999999523162842,1.7999999523162842,1.684999942779541,1.684999942779541,508
2022-07-28,1.684999942779541,1.7400000095367432,1.684999942779541,1.7400000095367432,611
2022-07-29,1.7949999570846558,1.7949999570846558,1.684999942779541,1.7400000095367432,184
2022-08-01,1.7400000095367432,1.7799999713897705,1.7350000143051147,1.7350000143051147,5550
2022-08-02,1.774999976158142,1.7799999713897705,1.7000000476837158,1.7799999713897705,1206
2022-08-03,1.75,1.7999999523162842,1.6799999475479126,1.7200000286102295,12333
2022-08-04,1.7200000286102295,1.7949999570846558,1.7000000476837158,1.7949999570846558,1022
2022-08-05,1.7949999570846558,1.7949999570846558,1.7949999570846558,1.7949999570846558,461
2022-08-08,1.7949999570846558,1.8450000286102295,1.7599999904632568,1.7599999904632568,2912
2022-08-09,1.8799999952316284,1.8799999952316284,1.7300000190734863,1.7999999523162842,3075
2022-08-10,1.850000023841858,1.850000023841858,1.7450000047683716,1.840000033378601,3504
2022-08-11,1.840000033378601,1.840000033378601,1.75,1.7999999523162842,2214
2022-08-12,1.840000033378601,1.840000033378601,1.7999999523162842,1.8250000476837158,19
2022-08-16,1.850000023841858,1.850000023841858,1.7549999952316284,1.7999999523162842,4663
2022-08-17,1.850000023841858,1.850000023841858,1.7799999713897705,1.784999966621399,320
2022-08-18,1.8049999475479126,1.850000023841858,1.784999966621399,1.784999966621399,1022
2022-08-19,1.850000023841858,1.850000023841858,1.784999966621399,1.850000023841858,1177
2022-08-22,1.850000023841858,1.850000023841858,1.850000023841858,1.850000023841858,5
2022-08-23,1.850000023841858,1.850000023841858,1.850000023841858,1.850000023841858,6
2022-08-24,1.850000023841858,1.850000023841858,1.7799999713897705,1.840000033378601,6792
2022-08-25,1.850000023841858,1.8849999904632568,1.7799999713897705,1.8849999904632568,13321
2022-08-26,1.8849999904632568,2.059999942779541,1.850000023841858,1.9600000381469727,24218
2022-08-29,1.9600000381469727,1.9600000381469727,1.8600000143051147,1.8600000143051147,4078
2022-08-30,1.8650000095367432,1.9600000381469727,1.8600000143051147,1.8700000047683716,1294
2022-08-31,1.9600000381469727,1.9600000381469727,1.850000023841858,1.850000023841858,10972
2022-09-01,1.850000023841858,1.899999976158142,1.7799999713897705,1.7799999713897705,19975
2022-09-02,1.7999999523162842,1.875,1.7799999713897705,1.7799999713897705,3241
2022-09-05,1.8799999952316284,1.8799999952316284,1.7799999713897705,1.784999966621399,235
2022-09-06,1.784999966621399,1.875,1.7799999713897705,1.7799999713897705,501
2022-09-07,1.7899999618530273,1.850000023841858,1.75,1.75,1702
2022-09-08,1.7400000095367432,1.8200000524520874,1.7400000095367432,1.7599999904632568,1583
2022-09-09,1.8200000524520874,1.8200000524520874,1.7200000286102295,1.725000023841858,1305
2022-09-12,1.8200000524520874,1.8200000524520874,1.725000023841858,1.725000023841858,1365
2022-09-13,1.8200000524520874,1.8200000524520874,1.7300000190734863,1.7300000190734863,773
2022-09-14,1.8200000524520874,1.8200000524520874,1.7300000190734863,1.809999942779541,108
2022-09-15,1.8200000524520874,1.8250000476837158,1.725000023841858,1.8250000476837158,6074
2022-09-16,1.9600000381469727,1.9600000381469727,1.9600000381469727,1.9600000381469727,6
2022-09-19,1.9600000381469727,1.9600000381469727,1.7999999523162842,1.7999999523162842,851
2022-09-20,1.8949999809265137,1.8949999809265137,1.7999999523162842,1.7999999523162842,388
2022-09-21,1.8949999809265137,1.8949999809265137,1.7999999523162842,1.850000023841858,1983
2022-09-22,1.8899999856948853,1.8899999856948853,1.75,1.7599999904632568,18113
2022-09-23,1.7599999904632568,1.7999999523162842,1.7549999952316284,1.7999999523162842,1555
2022-09-26,1.7999999523162842,1.8949999809265137,1.7999999523162842,1.8600000143051147,10729
2022-09-27,1.8799999952316284,1.8799999952316284,1.8799999952316284,1.8799999952316284,6
2022-09-28,1.909999966621399,1.909999966621399,1.7999999523162842,1.8949999809265137,528
2022-09-29,1.8799999952316284,1.899999976158142,1.7999999523162842,1.899999976158142,511
2022-09-30,1.9850000143051147,1.9850000143051147,1.8600000143051147,1.8600000143051147,739
2022-10-03,1.9850000143051147,1.9850000143051147,1.840000033378601,1.840000033378601,673
2022-10-04,1.9850000143051147,1.9850000143051147,1.7999999523162842,1.7999999523162842,114
2022-10-05,1.7999999523162842,1.8700000047683716,1.774999976158142,1.774999976158142,1102
2022-10-06,1.774999976158142,1.9850000143051147,1.774999976158142,1.9850000143051147,8093
2022-10-07,1.9850000143051147,2.0399999618530273,1.875,2.0399999618530273,4788
2022-10-10,2.0299999713897705,2.0299999713897705,1.899999976158142,2.0,1632
2022-10-11,1.9900000095367432,1.9900000095367432,1.9149999618530273,1.9900000095367432,18
2022-10-12,1.9900000095367432,2.0399999618530273,1.9900000095367432,2.0399999618530273,16258
2022-10-13,2.0399999618530273,2.190000057220459,2.0399999618530273,2.1700000762939453,12142
2022-10-14,2.1700000762939453,2.1700000762939453,2.0399999618530273,2.1600000858306885,12799
2022-10-17,2.1600000858306885,2.2300000190734863,2.1600000858306885,2.2200000286102295,5175
2022-10-18,2.25,2.25,2.1600000858306885,2.25,3096
2022-10-19,2.25,2.25,2.069999933242798,2.140000104904175,3635
2022-10-20,2.25,2.25,2.0399999618530273,2.1500000953674316,3778
2022-10-21,2.059999942779541,2.190000057220459,2.059999942779541,2.1700000762939453,153
2022-10-24,2.200000047683716,2.25,2.119999885559082,2.1700000762939453,10230
2022-10-25,2.1700000762939453,2.1700000762939453,2.0799999237060547,2.1700000762939453,483
2022-10-26,2.1700000762939453,2.1700000762939453,2.0799999237060547,2.1500000953674316,73
2022-10-27,2.0899999141693115,2.1700000762939453,2.0899999141693115,2.1700000762939453,375
2022-10-28,2.1500000953674316,2.1600000858306885,2.0899999141693115,2.0899999141693115,1029
2022-10-31,2.0899999141693115,2.1600000858306885,2.0899999141693115,2.1500000953674316,360
2022-11-02,2.1700000762939453,2.1700000762939453,2.0999999046325684,2.1500000953674316,721
2022-11-03,2.1500000953674316,2.1500000953674316,2.0899999141693115,2.1500000953674316,482
2022-11-04,2.1700000762939453,2.1700000762939453,2.049999952316284,2.049999952316284,5324
2022-11-07,2.049999952316284,2.140000104904175,2.0,2.0799999237060547,3625
2022-11-08,2.069999933242798,2.0799999237060547,2.0,2.0799999237060547,587
2022-11-09,2.1500000953674316,2.1500000953674316,2.0,2.0799999237060547,5512
2022-11-10,2.069999933242798,2.0799999237060547,2.0,2.0,1381
2022-11-14,2.0,2.0799999237060547,1.9800000190734863,2.0399999618530273,17948
2022-11-15,2.0999999046325684,2.0999999046325684,1.9800000190734863,2.0299999713897705,1924
2022-11-16,2.0999999046325684,2.0999999046325684,1.9800000190734863,2.049999952316284,626
2022-11-17,2.0999999046325684,2.0999999046325684,2.0,2.0999999046325684,9031
2022-11-18,2.0999999046325684,2.0999999046325684,2.009999990463257,2.0999999046325684,13321
2022-11-21,2.0999999046325684,2.0999999046325684,2.0,2.0,5014
2022-11-22,1.9800000190734863,2.049999952316284,1.9800000190734863,2.0,54
2022-11-23,1.9700000286102295,2.130000114440918,1.9700000286102295,2.059999942779541,14883
2022-11-24,2.130000114440918,2.130000114440918,2.049999952316284,2.130000114440918,2155
2022-11-25,2.130000114440918,2.130000114440918,2.0199999809265137,2.109999895095825,31
2022-11-28,2.130000114440918,2.319999933242798,2.059999942779541,2.1600000858306885,56539
2022-11-29,2.2799999713897705,2.2799999713897705,2.0999999046325684,2.1600000858306885,10471
2022-11-30,2.1700000762939453,2.1700000762939453,2.0,2.0,20162
2022-12-01,2.0,2.119999885559082,2.0,2.119999885559082,67512
2022-12-02,2.109999895095825,2.109999895095825,2.009999990463257,2.0899999141693115,913
2022-12-05,2.0899999141693115,2.0899999141693115,2.0,2.0,17605
2022-12-06,2.0,2.069999933242798,2.0,2.0,4221
2022-12-07,2.0399999618530273,2.049999952316284,2.0399999618530273,2.049999952316284,1977
2022-12-08,2.069999933242798,2.069999933242798,2.049999952316284,2.049999952316284,1071
2022-12-09,2.049999952316284,2.049999952316284,2.0,2.0,2619
2022-12-12,2.0,2.0399999618530273,2.0,2.0399999618530273,507
2022-12-13,2.0399999618530273,2.049999952316284,2.009999990463257,2.009999990463257,74372
2022-12-14,2.0799999237060547,2.0799999237060547,2.0199999809265137,2.0399999618530273,1006
2022-12-15,2.0399999618530273,2.0799999237060547,2.009999990463257,2.009999990463257,8
2022-12-16,2.0,2.059999942779541,2.0,2.0199999809265137,7190
2022-12-19,2.059999942779541,2.059999942779541,2.0,2.049999952316284,385
2022-12-20,2.049999952316284,2.049999952316284,2.0,2.0399999618530273,75898
2022-12-21,2.049999952316284,2.049999952316284,2.0,2.0,4426
2022-12-22,2.0,2.0399999618530273,2.0,2.0,10122
2022-12-23,2.0399999618530273,2.0399999618530273,2.0,2.0,915
2022-12-27,2.0,2.0199999809265137,2.0,2.0,2723
2022-12-28,2.0,2.0199999809265137,2.0,2.0,206
2022-12-29,2.0,2.0,2.0,2.0,4
2022-12-30,2.0,2.009999990463257,2.0,2.009999990463257,48129
2023-01-02,2.069999933242798,2.1700000762939453,2.069999933242798,2.069999933242798,4149
2023-01-03,2.0999999046325684,2.0999999046325684,2.0199999809265137,2.0199999809265137,33
2023-01-04,2.0199999809265137,2.109999895095825,2.0,2.0,12238
2023-01-05,2.0,2.069999933242798,2.0,2.069999933242798,2252
2023-01-09,2.049999952316284,2.049999952316284,2.0199999809265137,2.0199999809265137,2193
2023-01-10,2.0199999809265137,2.049999952316284,2.0199999809265137,2.0199999809265137,23
2023-01-11,2.0199999809265137,2.049999952316284,2.0199999809265137,2.049999952316284,2454
2023-01-12,2.069999933242798,2.069999933242798,2.0199999809265137,2.049999952316284,13
2023-01-13,2.069999933242798,2.069999933242798,2.0199999809265137,2.069999933242798,6
2023-01-16,2.069999933242798,2.069999933242798,2.0199999809265137,2.069999933242798,1093
2023-01-17,2.069999933242798,2.140000104904175,2.0199999809265137,2.0299999713897705,10460
2023-01-18,2.109999895095825,2.140000104904175,2.069999933242798,2.140000104904175,1129
2023-01-19,2.1600000858306885,2.1600000858306885,2.059999942779541,2.1500000953674316,8
2023-01-20,2.1600000858306885,2.1700000762939453,2.059999942779541,2.1700000762939453,8552
2023-01-23,2.1700000762939453,2.190000057220459,2.0999999046325684,2.190000057220459,5626
2023-01-24,2.200000047683716,2.309999942779541,2.0999999046325684,2.200000047683716,39623
2023-01-25,2.200000047683716,2.200000047683716,2.049999952316284,2.049999952316284,3865
2023-01-26,2.069999933242798,2.2699999809265137,2.069999933242798,2.119999885559082,22306
2023-01-27,2.140000104904175,2.140000104904175,2.119999885559082,2.130000114440918,6627
2023-01-30,2.1500000953674316,2.259999990463257,2.130000114440918,2.130000114440918,6964
2023-01-31,2.130000114440918,2.2100000381469727,2.130000114440918,2.140000104904175,2795
2023-02-01,2.259999990463257,2.259999990463257,2.130000114440918,2.130000114440918,194
2023-02-02,2.259999990463257,2.259999990463257,2.069999933242798,2.130000114440918,7607
2023-02-03,2.190000057220459,2.190000057220459,2.069999933242798,2.0799999237060547,1806
2023-02-06,2.0799999237060547,2.0999999046325684,2.0799999237060547,2.0799999237060547,1369
2023-02-07,2.0999999046325684,2.130000114440918,2.0799999237060547,2.0799999237060547,1096
2023-02-08,2.0799999237060547,2.119999885559082,2.0299999713897705,2.0999999046325684,10559
2023-02-09,2.119999885559082,2.1600000858306885,2.119999885559082,2.1600000858306885,3150
2023-02-10,2.1600000858306885,2.1600000858306885,2.0999999046325684,2.1600000858306885,322
2023-02-13,2.1600000858306885,2.1600000858306885,2.0999999046325684,2.1600000858306885,4102
2023-02-14,2.1600000858306885,2.1600000858306885,2.049999952316284,2.049999952316284,10580
2023-02-15,2.069999933242798,2.109999895095825,2.069999933242798,2.109999895095825,524
2023-02-16,2.109999895095825,2.109999895095825,2.069999933242798,2.109999895095825,1204
2023-02-17,2.1500000953674316,2.1500000953674316,2.109999895095825,2.109999895095825,7
2023-02-20,2.1600000858306885,2.1600000858306885,2.059999942779541,2.130000114440918,2210
2023-02-21,2.0999999046325684,2.0999999046325684,2.059999942779541,2.0999999046325684,103
2023-02-22,2.0999999046325684,2.140000104904175,2.0999999046325684,2.140000104904175,30058
2023-02-23,2.1500000953674316,2.1600000858306885,2.1500000953674316,2.1600000858306885,1252
2023-02-24,2.1700000762939453,2.180000066757202,2.0999999046325684,2.180000066757202,157
2023-02-27,2.180000066757202,2.180000066757202,2.180000066757202,2.180000066757202,454
2023-02-28,2.180000066757202,2.180000066757202,2.0999999046325684,2.180000066757202,993
2023-03-01,2.190000057220459,2.190000057220459,2.0999999046325684,2.180000066757202,465
2023-03-02,2.190000057220459,2.190000057220459,2.180000066757202,2.180000066757202,379
2023-03-03,2.180000066757202,2.180000066757202,2.180000066757202,2.180000066757202,249
2023-03-06,2.180000066757202,2.180000066757202,2.1500000953674316,2.180000066757202,1354
2023-03-07,2.180000066757202,2.180000066757202,2.180000066757202,2.180000066757202,924
2023-03-08,2.180000066757202,2.180000066757202,2.180000066757202,2.180000066757202,4
2023-03-09,2.180000066757202,2.180000066757202,2.180000066757202,2.180000066757202,4
2023-03-10,2.180000066757202,2.180000066757202,2.069999933242798,2.069999933242798,9251
2023-03-13,2.069999933242798,2.069999933242798,2.069999933242798,2.069999933242798,1264
2023-03-14,2.069999933242798,2.130000114440918,2.069999933242798,2.130000114440918,54
2023-03-15,2.130000114440918,2.130000114440918,2.0299999713897705,2.049999952316284,6383
2023-03-16,2.0999999046325684,2.109999895095825,2.0399999618530273,2.109999895095825,804
2023-03-17,2.119999885559082,2.119999885559082,2.049999952316284,2.119999885559082,138
2023-03-20,2.119999885559082,2.119999885559082,2.049999952316284,2.049999952316284,5
2023-03-21,2.049999952316284,2.049999952316284,2.0299999713897705,2.049999952316284,536
2023-03-22,2.049999952316284,2.049999952316284,2.0299999713897705,2.0299999713897705,2222
2023-03-23,2.049999952316284,2.119999885559082,2.0199999809265137,2.0899999141693115,10874
2023-03-24,2.119999885559082,2.119999885559082,2.049999952316284,2.119999885559082,94
2023-03-27,2.119999885559082,2.119999885559082,2.0399999618530273,2.119999885559082,63
2023-03-28,2.119999885559082,2.119999885559082,2.0399999618530273,2.119999885559082,805
2023-03-29,2.130000114440918,2.819999933242798,2.130000114440918,2.75,289737
2023-03-30,2.799999952316284,3.259999990463257,2.5199999809265137,2.5799999237060547,401134
2023-03-31,2.4600000381469727,2.5199999809265137,2.390000104904175,2.490000009536743,65924
2023-04-03,2.490000009536743,2.490000009536743,2.3399999141693115,2.390000104904175,44455
2023-04-04,2.3499999046325684,2.390000104904175,2.309999942779541,2.390000104904175,23982
2023-04-05,2.4200000762939453,2.4200000762939453,2.319999933242798,2.390000104904175,10257
2023-04-06,2.390000104904175,2.4600000381469727,2.3399999141693115,2.450000047683716,5310
2023-04-11,2.450000047683716,2.509999990463257,2.450000047683716,2.4800000190734863,21318
2023-04-12,2.4800000190734863,2.5199999809265137,2.4600000381469727,2.5199999809265137,14598
2023-04-13,2.490000009536743,2.5,2.450000047683716,2.4800000190734863,2988
2023-04-14,2.450000047683716,2.450000047683716,2.319999933242798,2.440000057220459,31629
2023-04-17,2.490000009536743,2.690000057220459,2.490000009536743,2.6600000858306885,61777
2023-04-18,2.6600000858306885,2.6600000858306885,2.4600000381469727,2.5,24923
2023-04-19,2.5199999809265137,2.569999933242798,2.4700000286102295,2.549999952316284,5962
2023-04-20,2.549999952316284,2.5799999237060547,2.5,2.5199999809265137,21112
2023-04-21,2.6500000953674316,2.6500000953674316,2.5,2.5,8262
2023-04-24,2.5,2.7200000286102295,2.5,2.7200000286102295,36759
2023-04-25,2.700000047683716,2.700000047683716,2.619999885559082,2.700000047683716,4594
2023-04-26,2.700000047683716,2.7899999618530273,2.619999885559082,2.7899999618530273,8184
2023-04-27,2.7899999618530273,2.950000047683716,2.5899999141693115,2.950000047683716,33952
2023-04-28,2.9700000286102295,2.9800000190734863,2.8499999046325684,2.9800000190734863,24121
2023-05-02,2.7200000286102295,2.9600000381469727,2.549999952316284,2.8499999046325684,34494
2023-05-04,2.9100000858306885,3.049999952316284,2.8399999141693115,2.9200000762939453,46321
2023-05-05,3.059999942779541,3.059999942779541,2.630000114440918,2.740000009536743,18307
2023-05-08,2.740000009536743,2.740000009536743,2.690000057220459,2.7300000190734863,6485
2023-05-09,2.740000009536743,2.9800000190734863,2.740000009536743,2.7899999618530273,17252
2023-05-10,2.799999952316284,2.950000047683716,2.7899999618530273,2.9100000858306885,14035
2023-05-11,2.9000000953674316,2.9000000953674316,2.7699999809265137,2.809999942779541,3438
2023-05-12,2.8499999046325684,2.869999885559082,2.75,2.75,4523
2023-05-15,2.75,2.890000104904175,2.75,2.8299999237060547,11799
2023-05-16,2.859999895095825,2.9100000858306885,2.7899999618530273,2.9100000858306885,7868
2023-05-17,2.9100000858306885,3.0,2.9100000858306885,2.9800000190734863,19525
2023-05-18,2.9800000190734863,3.0,2.869999885559082,2.940000057220459,1957
2023-05-19,2.940000057220459,2.940000057220459,2.869999885559082,2.880000114440918,8004
2023-05-22,2.9200000762939453,3.0,2.799999952316284,3.0,3008
2023-05-23,3.0,3.0,2.799999952316284,2.799999952316284,6326
2023-05-24,2.799999952316284,2.9000000953674316,2.7699999809265137,2.8499999046325684,4202
2023-05-25,2.859999895095825,2.880000114440918,2.759999990463257,2.880000114440918,5078
2023-05-26,2.880000114440918,2.930000066757202,2.700000047683716,2.75,30861
2023-05-29,2.8499999046325684,2.8499999046325684,2.8499999046325684,2.8499999046325684,202
2023-05-30,2.8499999046325684,2.8499999046325684,2.75,2.75,75
2023-05-31,2.7799999713897705,2.7799999713897705,2.5899999141693115,2.6700000762939453,36489
2023-06-01,2.700000047683716,2.700000047683716,2.5899999141693115,2.700000047683716,3691
2023-06-02,2.740000009536743,2.740000009536743,2.5799999237060547,2.5799999237060547,4222
2023-06-05,2.5799999237060547,2.6500000953674316,2.569999933242798,2.6500000953674316,3766
2023-06-06,2.6500000953674316,2.700000047683716,2.569999933242798,2.5999999046325684,4630
2023-06-07,2.6600000858306885,2.680000066757202,2.5,2.680000066757202,19549
2023-06-09,2.680000066757202,2.680000066757202,2.5799999237060547,2.5799999237060547,4065
2023-06-12,2.5299999713897705,2.630000114440918,2.5199999809265137,2.630000114440918,1432
2023-06-13,2.6700000762939453,2.700000047683716,2.5999999046325684,2.700000047683716,2568
2023-06-14,2.700000047683716,2.7699999809265137,2.619999885559082,2.7699999809265137,11012
2023-06-15,2.7699999809265137,2.7799999713897705,2.619999885559082,2.640000104904175,4205
2023-06-16,2.640000104904175,2.690000057220459,2.619999885559082,2.619999885559082,1560
2023-06-19,2.619999885559082,2.7799999713897705,2.619999885559082,2.700000047683716,440
2023-06-20,2.759999990463257,2.759999990463257,2.5399999618530273,2.549999952316284,3636
2023-06-21,2.549999952316284,2.700000047683716,2.549999952316284,2.700000047683716,1345
2023-06-22,2.700000047683716,2.700000047683716,2.5199999809265137,2.6500000953674316,19861
2023-06-23,2.640000104904175,2.690000057220459,2.640000104904175,2.690000057220459,309
2023-06-26,2.509999990463257,2.690000057220459,2.509999990463257,2.690000057220459,9874
2023-06-27,2.690000057220459,2.690000057220459,2.569999933242798,2.680000066757202,73
2023-06-28,2.690000057220459,2.7899999618530273,2.569999933242798,2.609999895095825,15896
2023-06-29,2.609999895095825,2.700000047683716,2.5999999046325684,2.6500000953674316,12017
2023-06-30,2.700000047683716,2.700000047683716,2.5899999141693115,2.6500000953674316,4854
2023-07-03,2.680000066757202,2.880000114440918,2.630000114440918,2.7300000190734863,18590
2023-07-04,2.7300000190734863,2.7300000190734863,2.7300000190734863,2.7300000190734863,794
2023-07-05,2.7300000190734863,2.740000009536743,2.690000057220459,2.7200000286102295,1342
2023-07-06,2.7300000190734863,2.7300000190734863,2.6500000953674316,2.6500000953674316,106
2023-07-07,2.7100000381469727,2.7200000286102295,2.619999885559082,2.7200000286102295,54
2023-07-10,2.7200000286102295,2.7200000286102295,2.609999895095825,2.640000104904175,3637
2023-07-11,2.640000104904175,2.640000104904175,2.640000104904175,2.640000104904175,1063
2023-07-12,2.640000104904175,2.6700000762939453,2.5799999237060547,2.6500000953674316,2466
2023-07-13,2.6700000762939453,2.680000066757202,2.5799999237060547,2.680000066757202,1740
2023-07-14,2.680000066757202,2.7799999713897705,2.5899999141693115,2.7799999713897705,7076
2023-07-17,2.7200000286102295,2.7200000286102295,2.5999999046325684,2.6600000858306885,6383
2023-07-18,2.6600000858306885,2.809999942779541,2.609999895095825,2.700000047683716,23143
2023-07-19,2.75,2.7699999809265137,2.630000114440918,2.700000047683716,8528
2023-07-20,2.75,2.75,2.630000114440918,2.6600000858306885,128
2023-07-21,2.680000066757202,2.75,2.6600000858306885,2.740000009536743,4410
2023-07-24,2.75,2.799999952316284,2.640000104904175,2.7200000286102295,16085
2023-07-25,2.7200000286102295,2.799999952316284,2.7200000286102295,2.7200000286102295,1220
2023-07-26,2.7200000286102295,2.819999933242798,2.7200000286102295,2.759999990463257,3015
2023-07-27,2.799999952316284,2.819999933242798,2.759999990463257,2.7899999618530273,1524
2023-07-28,2.819999933242798,2.819999933242798,2.7300000190734863,2.819999933242798,7168
2023-07-31,2.8399999141693115,2.880000114440918,2.8399999141693115,2.8499999046325684,2938
2023-08-01,2.880000114440918,2.880000114440918,2.7100000381469727,2.7200000286102295,2722
2023-08-02,2.7899999618530273,2.869999885559082,2.7899999618530273,2.799999952316284,5061
2023-08-03,2.869999885559082,2.869999885559082,2.7300000190734863,2.740000009536743,4959
2023-08-04,2.819999933242798,2.819999933242798,2.7799999713897705,2.7799999713897705,8
2023-08-07,2.799999952316284,2.819999933242798,2.7100000381469727,2.7100000381469727,1241
2023-08-08,2.7100000381469727,2.819999933242798,2.7100000381469727,2.799999952316284,3668
2023-08-09,2.819999933242798,2.819999933242798,2.7100000381469727,2.7100000381469727,102
2023-08-10,2.7200000286102295,2.819999933242798,2.7200000286102295,2.819999933242798,64
2023-08-11,2.819999933242798,2.819999933242798,2.7200000286102295,2.799999952316284,326
2023-08-14,2.819999933242798,2.8399999141693115,2.75,2.8399999141693115,1353
2023-08-16,2.8399999141693115,3.0,2.8399999141693115,2.930000066757202,21472
2023-08-17,2.9600000381469727,3.1700000762939453,2.9100000858306885,2.9100000858306885,27433
2023-08-18,2.9200000762939453,3.130000114440918,2.9000000953674316,2.9000000953674316,35117
2023-08-21,3.0899999141693115,3.0899999141693115,2.880000114440918,2.9000000953674316,7622
2023-08-22,2.9800000190734863,2.9800000190734863,2.9000000953674316,2.950000047683716,1501
2023-08-23,3.0199999809265137,3.0199999809265137,2.9100000858306885,2.9200000762939453,1854
2023-08-24,2.9200000762939453,3.049999952316284,2.9100000858306885,3.0,12034
2023-08-25,3.0299999713897705,3.0299999713897705,2.9100000858306885,3.0299999713897705,1206
2023-08-28,3.0299999713897705,3.0299999713897705,2.9100000858306885,2.9100000858306885,929
2023-08-29,2.950000047683716,3.049999952316284,2.940000057220459,3.0199999809265137,6311
2023-08-30,3.0399999618530273,3.0399999618530273,2.869999885559082,3.0299999713897705,6165
2023-08-31,3.0199999809265137,3.0199999809265137,2.940000057220459,2.9800000190734863,134
2023-09-01,2.9800000190734863,2.9800000190734863,2.9000000953674316,2.9800000190734863,2661
2023-09-04,2.9800000190734863,2.9800000190734863,2.950000047683716,2.9800000190734863,85
2023-09-05,2.9800000190734863,2.9800000190734863,2.9000000953674316,2.9800000190734863,4692
2023-09-06,2.9800000190734863,2.9800000190734863,2.859999895095825,2.890000104904175,2574
2023-09-07,2.940000057220459,2.940000057220459,2.8299999237060547,2.9000000953674316,1388
2023-09-08,2.940000057220459,2.940000057220459,2.8499999046325684,2.9000000953674316,2115
2023-09-11,2.940000057220459,3.0199999809265137,2.940000057220459,3.0,12167
2023-09-12,3.0,3.009999990463257,2.9800000190734863,3.009999990463257,1931
2023-09-13,3.0199999809265137,3.0199999809265137,2.9000000953674316,3.0,2097
2023-09-14,3.009999990463257,3.009999990463257,2.940000057220459,3.009999990463257,223
2023-09-15,3.0,3.059999942779541,2.9700000286102295,3.059999942779541,8313
2023-09-18,3.049999952316284,3.0799999237060547,3.0199999809265137,3.0199999809265137,8901
2023-09-19,3.0199999809265137,3.0799999237060547,3.0199999809265137,3.0199999809265137,1450
2023-09-20,3.0199999809265137,3.059999942779541,3.0199999809265137,3.0299999713897705,3744
2023-09-21,3.0299999713897705,3.0299999713897705,2.930000066757202,2.950000047683716,506
2023-09-22,3.0299999713897705,3.049999952316284,2.950000047683716,3.0199999809265137,1805
2023-09-25,3.0199999809265137,3.0199999809265137,2.930000066757202,2.930000066757202,4472
2023-09-26,2.940000057220459,3.0299999713897705,2.940000057220459,3.0299999713897705,1404
2023-09-27,3.0399999618530273,3.0399999618530273,2.950000047683716,2.950000047683716,545
2023-09-28,2.9600000381469727,3.0299999713897705,2.940000057220459,2.9600000381469727,6739
2023-09-29,3.0299999713897705,3.0299999713897705,2.950000047683716,3.0199999809265137,75
2023-10-02,3.0199999809265137,3.0199999809265137,2.950000047683716,2.950000047683716,267
2023-10-03,2.950000047683716,3.0199999809265137,2.950000047683716,2.950000047683716,2291
2023-10-04,2.9800000190734863,2.9800000190734863,2.940000057220459,2.940000057220459,520
2023-10-05,2.9800000190734863,2.9800000190734863,2.869999885559082,2.869999885559082,504
2023-10-06,2.869999885559082,2.930000066757202,2.8299999237060547,2.890000104904175,3556
2023-10-09,2.930000066757202,2.930000066757202,2.809999942779541,2.8499999046325684,2456
2023-10-10,2.8499999046325684,2.930000066757202,2.8499999046325684,2.930000066757202,124
2023-10-11,2.930000066757202,2.950000047683716,2.8499999046325684,2.8499999046325684,2601
2023-10-12,2.819999933242798,2.940000057220459,2.819999933242798,2.8499999046325684,973
2023-10-13,2.930000066757202,2.930000066757202,2.9000000953674316,2.9200000762939453,671
2023-10-16,2.930000066757202,3.0,2.930000066757202,2.9600000381469727,151
2023-10-17,2.9800000190734863,2.9800000190734863,2.880000114440918,2.880000114440918,1050
2023-10-18,2.880000114440918,2.9600000381469727,2.880000114440918,2.880000114440918,115
2023-10-19,2.9000000953674316,2.9800000190734863,2.9000000953674316,2.9800000190734863,11773
2023-10-20,2.9800000190734863,3.0899999141693115,2.9200000762939453,3.049999952316284,18108
2023-10-23,3.059999942779541,3.059999942779541,3.049999952316284,3.049999952316284,224
2023-10-24,3.049999952316284,3.049999952316284,2.9000000953674316,3.049999952316284,1657
2023-10-25,3.049999952316284,3.049999952316284,2.9100000858306885,3.0399999618530273,80
2023-10-26,3.0399999618530273,3.049999952316284,2.9800000190734863,3.0399999618530273,3791
2023-10-27,3.049999952316284,3.049999952316284,2.9800000190734863,3.0,55
2023-10-30,3.0,3.0,2.9800000190734863,3.0,140
2023-10-31,3.0,3.0,3.0,3.0,1521
2023-11-02,3.0,3.0,2.9200000762939453,2.9200000762939453,72
2023-11-03,2.9200000762939453,3.0,2.9200000762939453,3.0,45
2023-11-06,3.0399999618530273,3.059999942779541,2.9800000190734863,3.049999952316284,2053
2023-11-07,3.049999952316284,3.059999942779541,2.990000009536743,3.059999942779541,3042
2023-11-08,3.059999942779541,3.059999942779541,3.0,3.0,105
2023-11-09,3.059999942779541,3.059999942779541,3.0,3.059999942779541,2061
2023-11-10,3.059999942779541,3.059999942779541,3.0,3.049999952316284,114
2023-11-13,3.049999952316284,3.059999942779541,3.049999952316284,3.059999942779541,95
2023-11-14,3.059999942779541,3.0899999141693115,3.059999942779541,3.0899999141693115,2120
2023-11-15,3.0899999141693115,3.0899999141693115,3.0899999141693115,3.0899999141693115,6
2023-11-16,3.0899999141693115,3.0899999141693115,3.0899999141693115,3.0899999141693115,4
2023-11-17,3.0799999237060547,3.0799999237060547,3.0299999713897705,3.0299999713897705,1155
2023-11-20,3.0399999618530273,3.0399999618530273,2.9000000953674316,3.0,2696
2023-11-21,3.0,3.0,2.9000000953674316,2.9000000953674316,707
2023-11-22,2.9000000953674316,2.9000000953674316,2.9000000953674316,2.9000000953674316,3730
2023-11-23,2.9000000953674316,3.0,2.9000000953674316,2.9000000953674316,1016
2023-11-24,2.9000000953674316,3.0,2.9000000953674316,3.0,6
2023-11-27,2.9000000953674316,3.0399999618530273,2.9000000953674316,2.940000057220459,9295
2023-11-28,2.9600000381469727,2.9600000381469727,2.869999885559082,2.890000104904175,2171
2023-11-29,2.890000104904175,2.9000000953674316,2.819999933242798,2.819999933242798,3514
2023-11-30,2.7100000381469727,2.809999942779541,2.6500000953674316,2.75,18943
2023-12-01,2.75,2.75,2.6500000953674316,2.75,12825
2023-12-04,2.7699999809265137,2.7699999809265137,2.609999895095825,2.6500000953674316,6641
2023-12-05,2.75,2.75,2.6500000953674316,2.700000047683716,1810
2023-12-06,2.700000047683716,2.75,2.700000047683716,2.75,1946
2023-12-07,2.7799999713897705,2.819999933242798,2.7799999713897705,2.819999933242798,938
2023-12-08,2.819999933242798,2.819999933242798,2.819999933242798,2.819999933242798,4
2023-12-11,2.819999933242798,2.819999933242798,2.7300000190734863,2.75,319
2023-12-12,2.819999933242798,2.819999933242798,2.740000009536743,2.799999952316284,863
2023-12-13,2.799999952316284,2.799999952316284,2.609999895095825,2.740000009536743,24825
2023-12-14,2.740000009536743,2.740000009536743,2.630000114440918,2.680000066757202,6716
2023-12-15,2.7300000190734863,2.7300000190734863,2.6500000953674316,2.680000066757202,2696
2023-12-18,2.7300000190734863,2.7300000190734863,2.6500000953674316,2.6500000953674316,7
2023-12-19,2.640000104904175,2.700000047683716,2.640000104904175,2.700000047683716,2050
2023-12-20,2.700000047683716,2.75,2.690000057220459,2.740000009536743,7477
2023-12-21,2.740000009536743,2.740000009536743,2.7100000381469727,2.7100000381469727,3266
2023-12-22,2.700000047683716,2.700000047683716,2.640000104904175,2.700000047683716,102
2023-12-27,2.630000114440918,2.740000009536743,2.630000114440918,2.640000104904175,1099
2023-12-28,2.740000009536743,2.740000009536743,2.630000114440918,2.7300000190734863,1651
2023-12-29,2.6700000762939453,2.740000009536743,2.6600000858306885,2.7200000286102295,573
2024-01-02,2.740000009536743,2.740000009536743,2.640000104904175,2.640000104904175,2070
2024-01-03,2.640000104904175,2.740000009536743,2.640000104904175,2.700000047683716,3282
2024-01-04,2.700000047683716,2.700000047683716,2.6500000953674316,2.700000047683716,1018
2024-01-05,2.690000057220459,2.690000057220459,2.6600000858306885,2.6600000858306885,832
2024-01-08,2.6600000858306885,2.690000057220459,2.6500000953674316,2.6500000953674316,3748
2024-01-09,2.6500000953674316,2.700000047683716,2.6500000953674316,2.680000066757202,473
2024-01-10,2.680000066757202,2.700000047683716,2.6500000953674316,2.6500000953674316,4634
2024-01-11,2.6500000953674316,2.690000057220459,2.6500000953674316,2.690000057220459,14
2024-01-12,2.690000057220459,2.700000047683716,2.690000057220459,2.700000047683716,568
2024-01-15,2.700000047683716,2.700000047683716,2.609999895095825,2.609999895095825,2834
2024-01-16,2.619999885559082,2.619999885559082,2.619999885559082,2.619999885559082,1025
2024-01-17,2.640000104904175,2.6500000953674316,2.640000104904175,2.640000104904175,4610
2024-01-18,2.640000104904175,2.640000104904175,2.559999942779541,2.640000104904175,4330
2024-01-19,2.640000104904175,2.640000104904175,2.549999952316284,2.5999999046325684,4985
2024-01-22,2.5999999046325684,2.690000057220459,2.5999999046325684,2.680000066757202,11560
2024-01-23,2.680000066757202,2.680000066757202,2.609999895095825,2.609999895095825,1154
2024-01-24,2.680000066757202,2.680000066757202,2.619999885559082,2.619999885559082,1600
2024-01-25,2.640000104904175,2.640000104904175,2.559999942779541,2.5799999237060547,1320
2024-01-26,2.5799999237060547,2.630000114440918,2.5799999237060547,2.630000114440918,404
2024-01-29,2.630000114440918,2.6500000953674316,2.5799999237060547,2.5799999237060547,1043
2024-01-30,2.630000114440918,2.640000104904175,2.630000114440918,2.640000104904175,2866
2024-01-31,2.640000104904175,2.6500000953674316,2.5899999141693115,2.5899999141693115,4539
2024-02-01,2.6500000953674316,2.6600000858306885,2.5999999046325684,2.5999999046325684,6132
2024-02-02,2.680000066757202,2.690000057220459,2.619999885559082,2.6700000762939453,1292
2024-02-05,2.690000057220459,2.690000057220459,2.630000114440918,2.680000066757202,55
2024-02-06,2.690000057220459,2.690000057220459,2.640000104904175,2.680000066757202,105
2024-02-07,2.690000057220459,2.690000057220459,2.6600000858306885,2.690000057220459,107
2024-02-08,2.690000057220459,2.7200000286102295,2.690000057220459,2.7200000286102295,5881
2024-02-09,2.7200000286102295,2.7200000286102295,2.7200000286102295,2.7200000286102295,468
2024-02-12,2.700000047683716,2.700000047683716,2.700000047683716,2.700000047683716,476
2024-02-13,2.7300000190734863,2.7300000190734863,2.700000047683716,2.700000047683716,1049
2024-02-14,2.700000047683716,2.700000047683716,2.690000057220459,2.690000057220459,2049
2024-02-15,2.7300000190734863,2.7300000190734863,2.6700000762939453,2.6700000762939453,2266
2024-02-16,2.690000057220459,2.7200000286102295,2.640000104904175,2.6700000762939453,4496
2024-02-19,2.7200000286102295,2.880000114440918,2.6500000953674316,2.759999990463257,27162
2024-02-20,2.759999990463257,2.7799999713897705,2.7300000190734863,2.7300000190734863,7803
2024-02-21,2.7300000190734863,2.7300000190734863,2.6600000858306885,2.7200000286102295,3930
2024-02-22,2.859999895095825,2.859999895095825,2.6600000858306885,2.6700000762939453,3016
2024-02-23,2.740000009536743,2.8399999141693115,2.7300000190734863,2.8399999141693115,10646
2024-02-26,2.8299999237060547,2.8299999237060547,2.7300000190734863,2.799999952316284,2015
2024-02-27,2.8299999237060547,2.8299999237060547,2.759999990463257,2.759999990463257,2466
2024-02-28,2.759999990463257,2.819999933242798,2.75,2.759999990463257,2089
2024-02-29,2.759999990463257,2.799999952316284,2.759999990463257,2.799999952316284,2853
2024-03-01,2.8299999237060547,2.8299999237060547,2.700000047683716,2.819999933242798,3109
2024-03-04,2.8299999237060547,3.0,2.7300000190734863,2.9800000190734863,26192
2024-03-05,3.0,3.0,2.819999933242798,2.819999933242798,21240
2024-03-06,2.819999933242798,2.9000000953674316,2.819999933242798,2.8499999046325684,1156
2024-03-07,2.8499999046325684,2.9200000762939453,2.8499999046325684,2.9000000953674316,2366
2024-03-08,2.9000000953674316,2.9000000953674316,2.8499999046325684,2.890000104904175,5367
2024-03-11,2.9200000762939453,3.0199999809265137,2.859999895095825,2.880000114440918,31715
2024-03-12,2.880000114440918,2.880000114440918,2.8499999046325684,2.8499999046325684,1852
2024-03-13,2.8499999046325684,2.8499999046325684,2.8499999046325684,2.8499999046325684,1491
2024-03-14,2.9800000190734863,2.9800000190734863,2.759999990463257,2.759999990463257,9202
2024-03-15,2.759999990463257,2.9200000762939453,2.759999990463257,2.759999990463257,4704
2024-03-18,2.880000114440918,2.9800000190734863,2.869999885559082,2.869999885559082,3159
2024-03-19,2.759999990463257,2.8499999046325684,2.759999990463257,2.7699999809265137,1543
2024-03-20,2.7699999809265137,2.809999942779541,2.7699999809265137,2.799999952316284,20539
2024-03-21,2.809999942779541,2.809999942779541,2.759999990463257,2.799999952316284,6129
2024-03-22,2.799999952316284,2.9100000858306885,2.799999952316284,2.9100000858306885,4354
2024-03-25,2.9000000953674316,2.9000000953674316,2.819999933242798,2.819999933242798,3002
2024-03-26,2.819999933242798,2.890000104904175,2.819999933242798,2.8299999237060547,8479
2024-03-27,2.8299999237060547,2.9600000381469727,2.8299999237060547,2.9000000953674316,3227
2024-03-28,2.9000000953674316,2.9600000381469727,2.9000000953674316,2.9100000858306885,687
2024-04-02,2.9100000858306885,3.0999999046325684,2.9100000858306885,3.0999999046325684,12191
2024-04-03,3.130000114440918,3.380000114440918,3.130000114440918,3.25,36717
2024-04-04,3.25,3.3499999046325684,3.200000047683716,3.299999952316284,68591
2024-04-05,3.25,3.25,3.109999895095825,3.180000066757202,31648
2024-04-08,3.1500000953674316,3.819999933242798,3.109999895095825,3.7300000190734863,226472
2024-04-09,3.7300000190734863,3.7799999713897705,3.5799999237060547,3.680000066757202,14753
2024-04-10,3.680000066757202,3.7100000381469727,3.569999933242798,3.690000057220459,3486
2024-04-11,3.5999999046325684,3.690000057220459,3.5199999809265137,3.619999885559082,36233
2024-04-12,3.619999885559082,3.6500000953674316,3.559999942779541,3.5799999237060547,7305
2024-04-15,3.5799999237060547,3.619999885559082,3.359999895095825,3.430000066757202,39133
2024-04-16,3.440000057220459,3.6700000762939453,3.440000057220459,3.569999933242798,9677
2024-04-17,3.5999999046325684,3.700000047683716,3.559999942779541,3.680000066757202,3896
2024-04-18,3.680000066757202,3.75,3.6700000762939453,3.6700000762939453,2011
2024-04-19,3.75,3.75,3.569999933242798,3.569999933242798,8438
2024-04-22,3.569999933242798,3.640000104904175,3.319999933242798,3.319999933242798,26152
2024-04-23,3.4100000858306885,3.4100000858306885,3.319999933242798,3.380000114440918,6392
2024-04-24,3.380000114440918,3.430000066757202,3.3299999237060547,3.3299999237060547,3249
2024-04-25,3.390000104904175,3.4000000953674316,3.359999895095825,3.4000000953674316,1499
2024-04-26,3.450000047683716,3.630000114440918,3.4000000953674316,3.5799999237060547,9113
2024-04-29,3.5799999237060547,3.5999999046325684,3.369999885559082,3.5,11578
2024-04-30,3.569999933242798,3.569999933242798,3.4000000953674316,3.5,3511
2024-05-02,3.5,3.619999885559082,3.319999933242798,3.4200000762939453,18357
2024-05-06,3.3499999046325684,3.4200000762939453,3.240000009536743,3.2699999809265137,10895
2024-05-07,3.2699999809265137,3.390000104904175,3.130000114440918,3.2100000381469727,16013
2024-05-08,3.2100000381469727,3.2799999713897705,3.140000104904175,3.1700000762939453,34801
2024-05-09,3.259999990463257,3.259999990463257,3.1600000858306885,3.1600000858306885,2639
2024-05-10,3.1700000762939453,3.1700000762939453,3.0999999046325684,3.0999999046325684,8938
2024-05-13,3.1500000953674316,3.1500000953674316,3.109999895095825,3.130000114440918,4441
2024-05-14,3.130000114440918,3.180000066757202,3.130000114440918,3.180000066757202,1381
2024-05-15,3.2200000286102295,3.25,3.2100000381469727,3.2100000381469727,1104
2024-05-16,3.240000009536743,3.240000009536743,3.109999895095825,3.200000047683716,22568
2024-05-17,3.200000047683716,3.25,3.140000104904175,3.25,4121
2024-05-20,3.259999990463257,3.369999885559082,3.1700000762939453,3.359999895095825,9198
2024-05-21,3.359999895095825,3.5799999237060547,3.2699999809265137,3.2699999809265137,20619
2024-05-22,3.299999952316284,3.299999952316284,3.2100000381469727,3.299999952316284,2479
2024-05-23,3.299999952316284,3.299999952316284,3.140000104904175,3.259999990463257,11783
2024-05-24,3.259999990463257,3.259999990463257,3.180000066757202,3.240000009536743,6925
2024-05-27,3.25,3.25,3.180000066757202,3.200000047683716,10471
2024-05-28,3.2200000286102295,3.25,3.180000066757202,3.25,2897
2024-05-29,3.25,3.25,3.1700000762939453,3.190000057220459,5000
2024-05-31,2.9800000190734863,3.0999999046325684,2.880000114440918,3.049999952316284,32956
2024-06-03,3.0899999141693115,3.0999999046325684,3.049999952316284,3.049999952316284,2628
2024-06-04,3.049999952316284,3.0899999141693115,3.0299999713897705,3.0799999237060547,3107
2024-06-05,3.0299999713897705,3.0299999713897705,2.799999952316284,2.8499999046325684,38045
2024-06-06,2.809999942779541,2.8399999141693115,2.700000047683716,2.700000047683716,24094
2024-06-07,2.700000047683716,2.740000009536743,2.6500000953674316,2.740000009536743,10033
2024-06-10,2.740000009536743,2.740000009536743,2.609999895095825,2.640000104904175,25658
2024-06-11,2.640000104904175,2.690000057220459,2.5399999618530273,2.559999942779541,8686
2024-06-12,2.569999933242798,2.609999895095825,2.509999990463257,2.5199999809265137,5996
2024-06-13,2.5399999618530273,2.619999885559082,2.4600000381469727,2.5199999809265137,30393
2024-06-14,2.640000104904175,2.640000104904175,2.5199999809265137,2.5799999237060547,4913
2024-06-17,2.6600000858306885,2.6600000858306885,2.569999933242798,2.640000104904175,7018
2024-06-18,2.640000104904175,2.6500000953674316,2.5999999046325684,2.6500000953674316,1744
2024-06-19,2.640000104904175,2.6500000953674316,2.4800000190734863,2.549999952316284,15382
2024-06-20,2.619999885559082,2.640000104904175,2.490000009536743,2.5,12250
2024-06-21,2.5199999809265137,2.5199999809265137,2.5,2.5,5067
2024-06-24,2.4800000190734863,2.640000104904175,2.430000066757202,2.430000066757202,32681
2024-06-25,2.430000066757202,2.4700000286102295,2.380000114440918,2.4200000762939453,24064
2024-06-26,2.4200000762939453,2.4800000190734863,2.4200000762939453,2.4600000381469727,9065
2024-06-27,2.4600000381469727,2.549999952316284,2.450000047683716,2.549999952316284,3406
2024-06-28,2.5,2.5999999046325684,2.490000009536743,2.549999952316284,5587
2024-07-01,2.549999952316284,2.549999952316284,2.4600000381469727,2.549999952316284,3152
2024-07-02,2.549999952316284,2.549999952316284,2.4600000381469727,2.4600000381469727,1107
2024-07-03,2.4800000190734863,2.5399999618530273,2.4800000190734863,2.5399999618530273,1255
2024-07-04,2.5399999618530273,2.569999933242798,2.450000047683716,2.569999933242798,8168
2024-07-05,2.569999933242798,2.569999933242798,2.4700000286102295,2.4800000190734863,6543
2024-07-08,2.4800000190734863,2.559999942779541,2.4700000286102295,2.559999942779541,2361
2024-07-09,2.559999942779541,2.559999942779541,2.4600000381469727,2.4600000381469727,14165
2024-07-10,2.450000047683716,2.5399999618530273,2.450000047683716,2.5299999713897705,2092
2024-07-11,2.5399999618530273,2.5399999618530273,2.4800000190734863,2.490000009536743,2189
2024-07-12,2.490000009536743,2.5299999713897705,2.4800000190734863,2.5299999713897705,834
2024-07-15,2.5299999713897705,2.5299999713897705,2.4700000286102295,2.4800000190734863,4292
2024-07-16,2.5299999713897705,2.5299999713897705,2.3499999046325684,2.359999895095825,19258
2024-07-17,2.450000047683716,2.450000047683716,2.359999895095825,2.4000000953674316,6298
2024-07-18,2.430000066757202,2.450000047683716,2.390000104904175,2.430000066757202,4496
2024-07-19,2.4600000381469727,2.4800000190734863,2.430000066757202,2.440000057220459,3741
2024-07-22,2.4800000190734863,2.4800000190734863,2.4000000953674316,2.4000000953674316,228
2024-07-23,2.4700000286102295,2.5399999618530273,2.390000104904175,2.390000104904175,18142
2024-07-24,2.440000057220459,2.440000057220459,2.390000104904175,2.390000104904175,2658
2024-07-25,2.390000104904175,2.4100000858306885,2.380000114440918,2.380000114440918,2465
2024-07-26,2.4200000762939453,2.440000057220459,2.359999895095825,2.4000000953674316,7377
2024-07-29,2.369999885559082,2.4000000953674316,2.369999885559082,2.4000000953674316,1018
2024-07-30,2.4000000953674316,2.4000000953674316,2.3499999046325684,2.369999885559082,7498
2024-07-31,2.4000000953674316,2.4000000953674316,2.0,2.0899999141693115,116084
2024-08-01,2.1500000953674316,2.1500000953674316,2.069999933242798,2.0999999046325684,19172
2024-08-02,2.0999999046325684,2.140000104904175,2.0899999141693115,2.0899999141693115,1271
2024-08-05,1.9900000095367432,2.0799999237060547,1.909999966621399,1.9500000476837158,36821
2024-08-06,1.9700000286102295,2.0,1.9199999570846558,2.0,5715
2024-08-07,2.0,2.0899999141693115,2.0,2.0899999141693115,13827
2024-08-08,2.0899999141693115,2.0899999141693115,1.9800000190734863,1.9800000190734863,24272
2024-08-09,1.9800000190734863,1.9900000095367432,1.9700000286102295,1.9850000143051147,2417
2024-08-12,2.0399999618530273,2.0399999618530273,1.9850000143051147,1.9850000143051147,1092
2024-08-13,1.9850000143051147,1.9850000143051147,1.9199999570846558,1.9199999570846558,8958
2024-08-14,1.9199999570846558,1.9500000476837158,1.899999976158142,1.9500000476837158,1952
2024-08-16,1.9700000286102295,2.0,1.9249999523162842,2.0,13561
2024-08-19,2.0,2.0,1.9249999523162842,1.9299999475479126,11383
2024-08-20,1.9299999475479126,1.965000033378601,1.909999966621399,1.909999966621399,971
2024-08-21,1.909999966621399,2.0,1.909999966621399,1.9149999618530273,9696
2024-08-22,1.9149999618530273,2.0,1.9149999618530273,1.9900000095367432,3052
2024-08-23,1.9900000095367432,1.9900000095367432,1.9149999618530273,1.9299999475479126,9089
2024-08-26,1.9800000190734863,1.9800000190734863,1.9700000286102295,1.9700000286102295,884
2024-08-27,1.9800000190734863,1.9800000190734863,1.899999976158142,1.9249999523162842,13161
2024-08-28,1.9500000476837158,1.9500000476837158,1.899999976158142,1.934999942779541,16904
2024-08-29,1.9500000476837158,1.9500000476837158,1.9500000476837158,1.9500000476837158,2723
2024-08-30,1.9500000476837158,1.9900000095367432,1.909999966621399,1.9800000190734863,8544
2024-09-02,1.9900000095367432,1.9900000095367432,1.9299999475479126,1.9500000476837158,18367
2024-09-03,1.9500000476837158,2.009999990463257,1.9500000476837158,1.9800000190734863,2958
2024-09-04,1.9950000047683716,1.9950000047683716,1.9299999475479126,1.9299999475479126,2623
2024-09-05,1.9450000524520874,1.9900000095367432,1.9450000524520874,1.9900000095367432,1806
2024-09-06,1.9950000047683716,1.9950000047683716,1.9500000476837158,1.9500000476837158,10422
2024-09-09,1.9900000095367432,1.9900000095367432,1.9900000095367432,1.9900000095367432,890
2024-09-10,2.0399999618530273,2.059999942779541,1.909999966621399,1.909999966621399,29301
2024-09-11,1.909999966621399,1.9299999475479126,1.850000023841858,1.899999976158142,12599
2024-09-12,1.899999976158142,1.9299999475479126,1.875,1.875,540
2024-09-13,1.875,1.9299999475479126,1.875,1.9199999570846558,3566
2024-09-16,1.9299999475479126,1.9299999475479126,1.8799999952316284,1.9199999570846558,988
2024-09-17,1.9299999475479126,1.9299999475479126,1.850000023841858,1.850000023841858,1254
2024-09-18,1.8600000143051147,1.9199999570846558,1.7999999523162842,1.850000023841858,17108
2024-09-19,1.809999942779541,1.8799999952316284,1.809999942779541,1.8799999952316284,8847
2024-09-20,1.9199999570846558,1.9199999570846558,1.8200000524520874,1.9199999570846558,7853
2024-09-23,1.9299999475479126,1.9299999475479126,1.8849999904632568,1.8849999904632568,326
2024-09-24,1.8849999904632568,1.8849999904632568,1.8849999904632568,1.8849999904632568,25
2024-09-25,1.8849999904632568,1.9299999475479126,1.8849999904632568,1.8849999904632568,667
2024-09-26,1.8849999904632568,1.9299999475479126,1.8849999904632568,1.9299999475479126,11340
2024-09-27,1.9299999475479126,1.9299999475479126,1.7999999523162842,1.8600000143051147,8649
2024-09-30,1.8600000143051147,1.8600000143051147,1.7599999904632568,1.7599999904632568,9105
2024-10-01,1.8350000381469727,1.9299999475479126,1.809999942779541,1.8600000143051147,25089
2024-10-02,1.9299999475479126,1.9299999475479126,1.850000023841858,1.899999976158142,25422
2024-10-03,1.9249999523162842,1.9249999523162842,1.899999976158142,1.9249999523162842,912
2024-10-04,1.8899999856948853,1.9299999475479126,1.8700000047683716,1.9299999475479126,4577
2024-10-07,1.9299999475479126,1.9299999475479126,1.875,1.875,685
2024-10-08,1.875,1.899999976158142,1.875,1.899999976158142,1054
2024-10-09,1.899999976158142,1.899999976158142,1.8700000047683716,1.875,1293
2024-10-10,1.899999976158142,1.899999976158142,1.850000023841858,1.8899999856948853,2603
2024-10-11,1.899999976158142,1.9199999570846558,1.899999976158142,1.9199999570846558,3073
2024-10-14,1.8550000190734863,1.875,1.840000033378601,1.840000033378601,12070
2024-10-15,1.840000033378601,1.909999966621399,1.840000033378601,1.8450000286102295,7120
2024-10-16,1.899999976158142,1.899999976158142,1.850000023841858,1.850000023841858,2610
2024-10-17,1.850000023841858,1.9149999618530273,1.850000023841858,1.8949999809265137,1494
2024-10-18,1.8949999809265137,1.8949999809265137,1.8300000429153442,1.840000033378601,9745
2024-10-21,1.840000033378601,1.850000023841858,1.7999999523162842,1.8049999475479126,4402
2024-10-22,1.8049999475479126,2.25,1.8049999475479126,1.9249999523162842,118570
2024-10-23,1.9299999475479126,2.049999952316284,1.8550000190734863,1.934999942779541,25679
2024-10-24,1.934999942779541,1.934999942779541,1.8700000047683716,1.9249999523162842,6759
2024-10-25,1.9299999475479126,1.9900000095367432,1.8799999952316284,1.9900000095367432,4584
2024-10-28,1.9900000095367432,1.9900000095367432,1.8799999952316284,1.9500000476837158,2114
2024-10-29,1.9800000190734863,1.9900000095367432,1.909999966621399,1.9199999570846558,2479
2024-10-30,1.9850000143051147,1.9850000143051147,1.909999966621399,1.9800000190734863,3016
2024-10-31,1.9800000190734863,1.9800000190734863,1.899999976158142,1.975000023841858,2005
2024-11-04,1.975000023841858,1.975000023841858,1.850000023841858,1.9049999713897705,9480
2024-11-05,1.9700000286102295,1.9700000286102295,1.875,1.9149999618530273,799
2024-11-06,1.9149999618530273,1.9149999618530273,1.8700000047683716,1.8700000047683716,1093
2024-11-07,1.8700000047683716,1.9199999570846558,1.850000023841858,1.850000023841858,4650
2024-11-08,1.8600000143051147,1.899999976158142,1.8200000524520874,1.850000023841858,7604
2024-11-12,1.8799999952316284,1.8799999952316284,1.809999942779541,1.809999942779541,6629
2024-11-13,1.809999942779541,1.809999942779541,1.809999942779541,1.809999942779541,1511
2024-11-14,1.809999942779541,1.875,1.809999942779541,1.850000023841858,766
2024-11-15,1.850000023841858,1.899999976158142,1.7799999713897705,1.899999976158142,8137
2024-11-18,1.9049999713897705,1.9049999713897705,1.7999999523162842,1.7999999523162842,11229
2024-11-19,1.7999999523162842,1.7999999523162842,1.7999999523162842,1.7999999523162842,756
2024-11-20,1.7999999523162842,1.809999942779541,1.7999999523162842,1.7999999523162842,199
2024-11-21,1.8799999952316284,1.8799999952316284,1.7999999523162842,1.8799999952316284,4966
2024-11-22,1.8799999952316284,1.8799999952316284,1.7999999523162842,1.8250000476837158,13077
2024-11-25,1.875,1.9149999618530273,1.8250000476837158,1.899999976158142,32264
2024-11-26,1.9299999475479126,1.9299999475479126,1.8200000524520874,1.899999976158142,2977
2024-11-27,1.9199999570846558,1.9199999570846558,1.909999966621399,1.9149999618530273,1054
2024-11-28,1.9149999618530273,1.9900000095367432,1.9149999618530273,1.9900000095367432,13309
2024-11-29,1.9900000095367432,1.9900000095367432,1.899999976158142,1.9700000286102295,12918
2024-12-02,1.9700000286102295,1.9800000190734863,1.899999976158142,1.940000057220459,9572
2024-12-03,1.940000057220459,1.940000057220459,1.8949999809265137,1.940000057220459,2834
2024-12-04,1.9500000476837158,1.9800000190734863,1.899999976158142,1.975000023841858,14826
2024-12-05,1.975000023841858,1.975000023841858,1.899999976158142,1.899999976158142,1024
2024-12-06,1.899999976158142,1.899999976158142,1.8949999809265137,1.899999976158142,888
2024-12-09,1.899999976158142,1.975000023841858,1.8899999856948853,1.975000023841858,10838
2024-12-10,1.975000023841858,1.975000023841858,1.899999976158142,1.9500000476837158,6048
2024-12-11,1.9700000286102295,1.9950000047683716,1.9199999570846558,1.9950000047683716,13056
2024-12-12,1.9950000047683716,1.9950000047683716,1.899999976158142,1.9950000047683716,10342
2024-12-13,1.9900000095367432,1.9900000095367432,1.8949999809265137,1.899999976158142,7080
2024-12-16,1.940000057220459,1.940000057220459,1.8600000143051147,1.8600000143051147,10346
2024-12-17,1.8600000143051147,1.8600000143051147,1.809999942779541,1.850000023841858,22054
2024-12-18,1.9199999570846558,1.9199999570846558,1.809999942779541,1.809999942779541,4402
2024-12-19,1.809999942779541,1.8799999952316284,1.8049999475479126,1.8049999475479126,21315
2024-12-20,1.8849999904632568,1.8849999904632568,1.7799999713897705,1.7899999618530273,12461
2024-12-23,1.7999999523162842,1.8300000429153442,1.784999966621399,1.7899999618530273,42959
2024-12-27,1.7999999523162842,1.8350000381469727,1.784999966621399,1.784999966621399,3449
2024-12-30,1.8350000381469727,1.840000033378601,1.784999966621399,1.840000033378601,2267
2025-01-02,1.8600000143051147,1.940000057220459,1.784999966621399,1.8600000143051147,19742
2025-01-03,1.9500000476837158,1.9500000476837158,1.8550000190734863,1.8550000190734863,2354
2025-01-07,1.8600000143051147,1.9249999523162842,1.850000023841858,1.899999976158142,3548
2025-01-08,1.9249999523162842,1.9249999523162842,1.850000023841858,1.8799999952316284,43952
2025-01-09,1.9249999523162842,1.9249999523162842,1.899999976158142,1.9249999523162842,2337
2025-01-10,1.9500000476837158,1.9500000476837158,1.8899999856948853,1.8899999856948853,4530
2025-01-13,1.8899999856948853,1.899999976158142,1.840000033378601,1.8949999809265137,25910
2025-01-14,1.9249999523162842,1.9249999523162842,1.9249999523162842,1.9249999523162842,4
2025-01-15,1.8949999809265137,1.8949999809265137,1.840000033378601,1.850000023841858,3863
2025-01-16,1.850000023841858,1.909999966621399,1.850000023841858,1.8700000047683716,16904
2025-01-17,1.909999966621399,1.909999966621399,1.850000023841858,1.8949999809265137,982
2025-01-20,1.899999976158142,1.899999976158142,1.850000023841858,1.8600000143051147,8358
2025-01-21,1.8600000143051147,1.8949999809265137,1.840000033378601,1.840000033378601,15023
2025-01-22,1.840000033378601,1.850000023841858,1.8350000381469727,1.8350000381469727,410
2025-01-23,1.8350000381469727,1.8799999952316284,1.809999942779541,1.8450000286102295,5774
2025-01-24,1.8450000286102295,1.8799999952316284,1.8200000524520874,1.8200000524520874,6256
2025-01-27,1.8200000524520874,1.8200000524520874,1.7999999523162842,1.7999999523162842,2009
2025-01-28,1.7999999523162842,1.875,1.7999999523162842,1.875,136
2025-01-29,1.875,1.8799999952316284,1.8300000429153442,1.840000033378601,4892
2025-01-30,1.840000033378601,1.850000023841858,1.8250000476837158,1.8300000429153442,4948
2025-01-31,1.8300000429153442,1.8849999904632568,1.8200000524520874,1.8200000524520874,14073
2025-02-03,1.850000023841858,1.850000023841858,1.8049999475479126,1.850000023841858,3076
2025-02-04,1.8849999904632568,1.9700000286102295,1.875,1.8949999809265137,25306
2025-02-05,1.8949999809265137,1.8949999809265137,1.8250000476837158,1.8849999904632568,13198
2025-02-06,1.8849999904632568,1.8849999904632568,1.8450000286102295,1.850000023841858,11716
2025-02-07,1.8849999904632568,1.899999976158142,1.8250000476837158,1.8949999809265137,43465
2025-02-10,1.8899999856948853,1.9600000381469727,1.850000023841858,1.9049999713897705,618643
2025-02-11,1.9049999713897705,1.940000057220459,1.8700000047683716,1.940000057220459,44544
2025-02-12,1.940000057220459,2.0299999713897705,1.8899999856948853,1.975000023841858,154683
2025-02-13,2.0399999618530273,2.2200000286102295,1.9800000190734863,2.1500000953674316,81923
2025-02-14,2.1500000953674316,2.2699999809265137,2.069999933242798,2.140000104904175,66703
2025-02-17,2.1500000953674316,2.3499999046325684,2.1500000953674316,2.3299999237060547,51763
2025-02-18,2.3299999237060547,2.4000000953674316,2.240000009536743,2.309999942779541,33379
2025-02-19,2.299999952316284,2.390000104904175,2.299999952316284,2.390000104904175,63950
2025-02-20,2.5899999141693115,2.740000009536743,2.3499999046325684,2.4000000953674316,109728
2025-02-21,2.440000057220459,2.450000047683716,2.2200000286102295,2.25,47153
2025-02-24,2.299999952316284,2.319999933242798,2.259999990463257,2.2799999713897705,7635
2025-02-25,2.2899999618530273,2.299999952316284,2.2100000381469727,2.2799999713897705,13462
2025-02-26,2.2799999713897705,2.309999942779541,2.0999999046325684,2.309999942779541,58608
2025-02-27,2.299999952316284,2.5299999713897705,1.940000057220459,1.9700000286102295,1372826
2025-02-28,2.0299999713897705,2.130000114440918,1.9800000190734863,2.0899999141693115,696223
2025-03-03,2.0999999046325684,2.2799999713897705,2.0899999141693115,2.200000047683716,333434
2025-03-04,2.2200000286102295,2.2300000190734863,2.140000104904175,2.1700000762939453,115212
2025-03-05,2.200000047683716,2.380000114440918,2.200000047683716,2.319999933242798,240617
2025-03-06,2.3299999237060547,2.3399999141693115,2.2799999713897705,2.309999942779541,91832
2025-03-07,2.309999942779541,2.3499999046325684,2.2899999618530273,2.3499999046325684,54550
2025-03-10,2.359999895095825,2.450000047683716,2.299999952316284,2.380000114440918,116316
2025-03-11,2.299999952316284,2.380000114440918,2.299999952316284,2.3399999141693115,12307
2025-03-12,2.3399999141693115,2.3399999141693115,2.2899999618530273,2.299999952316284,6920
2025-03-13,2.3299999237060547,2.3399999141693115,2.2899999618530273,2.2899999618530273,4463
2025-03-14,2.299999952316284,2.3299999237060547,2.240000009536743,2.299999952316284,41073
2025-03-17,2.299999952316284,2.3299999237060547,2.2899999618530273,2.319999933242798,16448
2025-03-18,2.319999933242798,2.3399999141693115,2.2899999618530273,2.319999933242798,23643
2025-03-19,2.299999952316284,2.299999952316284,2.2300000190734863,2.299999952316284,9654
2025-03-20,2.299999952316284,2.299999952316284,2.200000047683716,2.2699999809265137,41133
2025-03-21,2.2799999713897705,2.2799999713897705,2.2200000286102295,2.2699999809265137,1970
2025-03-24,2.2699999809265137,2.2699999809265137,2.1700000762939453,2.240000009536743,22412
2025-03-25,2.240000009536743,2.3399999141693115,2.1600000858306885,2.3399999141693115,66997
2025-03-26,2.3399999141693115,2.3399999141693115,2.2300000190734863,2.2799999713897705,30269
2025-03-27,2.2799999713897705,2.2799999713897705,2.25,2.2799999713897705,5066
2025-03-28,2.3399999141693115,2.3399999141693115,2.2300000190734863,2.2899999618530273,53553
2025-03-31,2.319999933242798,2.319999933242798,2.2300000190734863,2.2699999809265137,12813
2025-04-01,2.2699999809265137,2.2899999618530273,2.240000009536743,2.2899999618530273,1761
2025-04-02,2.240000009536743,2.309999942779541,2.240000009536743,2.259999990463257,13317
2025-04-03,2.309999942779541,2.309999942779541,2.1500000953674316,2.240000009536743,48384
2025-04-04,2.240000009536743,2.2899999618530273,2.0999999046325684,2.2100000381469727,113694
2025-04-07,2.109999895095825,2.1500000953674316,2.0199999809265137,2.0999999046325684,107676
2025-04-08,2.109999895095825,2.1500000953674316,2.069999933242798,2.069999933242798,10318
2025-04-09,2.0999999046325684,2.140000104904175,2.059999942779541,2.0899999141693115,9842
2025-04-10,2.200000047683716,2.200000047683716,2.0899999141693115,2.119999885559082,43062
2025-04-11,2.119999885559082,2.200000047683716,2.119999885559082,2.130000114440918,51435
2025-04-14,2.130000114440918,2.190000057220459,2.130000114440918,2.180000066757202,19506
2025-04-15,2.190000057220459,2.190000057220459,2.130000114440918,2.130000114440918,31844
2025-04-16,2.130000114440918,2.190000057220459,2.130000114440918,2.140000104904175,22223
2025-04-17,2.140000104904175,2.1600000858306885,2.109999895095825,2.140000104904175,20278
2025-04-22,2.130000114440918,2.180000066757202,2.0999999046325684,2.0999999046325684,13683
2025-04-23,2.109999895095825,2.1700000762939453,2.0899999141693115,2.0899999141693115,50548
2025-04-24,2.0899999141693115,2.1700000762939453,2.059999942779541,2.1700000762939453,60923
2025-04-25,2.1700000762939453,2.25,2.0899999141693115,2.0899999141693115,179556
2025-04-28,2.1500000953674316,2.1700000762939453,2.0,2.049999952316284,256444
2025-04-29,2.0899999141693115,2.180000066757202,2.0799999237060547,2.180000066757202,39525
2025-04-30,2.180000066757202,2.190000057220459,2.1500000953674316,2.190000057220459,12651
2025-05-02,2.200000047683716,2.309999942779541,2.1500000953674316,2.309999942779541,35104
2025-05-05,2.299999952316284,2.299999952316284,2.2200000286102295,2.299999952316284,10613
2025-05-06,2.299999952316284,2.299999952316284,2.1600000858306885,2.1700000762939453,126683
2025-05-07,2.1700000762939453,2.190000057220459,2.059999942779541,2.119999885559082,88396
2025-05-08,2.119999885559082,2.2300000190734863,2.119999885559082,2.190000057220459,20136
2025-05-09,2.200000047683716,2.3499999046325684,2.190000057220459,2.25,126449
2025-05-12,2.259999990463257,2.4000000953674316,2.259999990463257,2.4000000953674316,105294
2025-05-13,2.4000000953674316,2.5899999141693115,2.359999895095825,2.5899999141693115,148370
2025-05-14,2.5899999141693115,2.8399999141693115,2.5299999713897705,2.630000114440918,206364
2025-05-15,2.630000114440918,2.630000114440918,2.4600000381469727,2.4800000190734863,66046
2025-05-16,2.4800000190734863,2.5299999713897705,2.4000000953674316,2.5199999809265137,47432
2025-05-19,2.490000009536743,2.5,2.4000000953674316,2.4700000286102295,36897
2025-05-20,2.4700000286102295,2.5299999713897705,2.430000066757202,2.5299999713897705,33326
2025-05-21,2.5299999713897705,2.7799999713897705,2.5,2.75,156516
2025-05-22,2.740000009536743,2.880000114440918,2.740000009536743,2.809999942779541,83203
2025-05-23,2.809999942779541,2.809999942779541,2.6700000762939453,2.7799999713897705,34793
2025-05-26,2.7899999618530273,2.9800000190734863,2.7899999618530273,2.9000000953674316,60094
2025-05-27,2.9000000953674316,2.9700000286102295,2.8299999237060547,2.8399999141693115,30269
2025-05-28,2.8399999141693115,2.9000000953674316,2.819999933242798,2.8399999141693115,11801
2025-05-29,2.9100000858306885,2.9200000762939453,2.799999952316284,2.799999952316284,22777
2025-05-30,2.7799999713897705,2.880000114440918,2.7200000286102295,2.8299999237060547,44650
2025-06-02,2.809999942779541,2.8299999237060547,2.7300000190734863,2.75,19635
2025-06-03,2.799999952316284,2.8499999046325684,2.759999990463257,2.8499999046325684,19888
2025-06-04,2.869999885559082,2.869999885559082,2.7799999713897705,2.8299999237060547,17314
2025-06-05,2.8299999237060547,3.109999895095825,2.799999952316284,3.0,107892
2025-06-06,3.049999952316284,3.049999952316284,2.9100000858306885,2.990000009536743,2783
2025-06-09,3.0,3.0899999141693115,2.9700000286102295,3.0299999713897705,73671
2025-06-10,3.0299999713897705,3.0299999713897705,2.9700000286102295,3.0299999713897705,5466
2025-06-11,3.0199999809265137,3.0199999809265137,2.950000047683716,3.0,13665
2025-06-12,3.0,3.0,2.880000114440918,2.880000114440918,12024
2025-06-13,2.880000114440918,2.940000057220459,2.880000114440918,2.9000000953674316,6613
2025-06-16,2.9000000953674316,2.930000066757202,2.8499999046325684,2.8499999046325684,3693
2025-06-17,2.8499999046325684,2.990000009536743,2.8499999046325684,2.990000009536743,6666
2025-06-18,2.990000009536743,2.990000009536743,2.9100000858306885,2.990000009536743,14215
2025-06-20,3.0,3.0899999141693115,2.940000057220459,3.049999952316284,31024
2025-06-23,2.869999885559082,3.0399999618530273,2.869999885559082,2.890000104904175,21238
2025-06-24,2.890000104904175,2.950000047683716,2.859999895095825,2.930000066757202,17051
2025-06-25,2.930000066757202,2.950000047683716,2.809999942779541,2.950000047683716,24384
2025-06-26,2.950000047683716,2.950000047683716,2.869999885559082,2.9000000953674316,1423
2025-06-27,2.9000000953674316,2.930000066757202,2.8399999141693115,2.9100000858306885,9819
2025-06-30,2.9100000858306885,2.990000009536743,2.869999885559082,2.940000057220459,25448
2025-07-01,2.9800000190734863,3.0999999046325684,2.9000000953674316,3.0299999713897705,18954
2025-07-02,3.0399999618530273,3.2899999618530273,3.0399999618530273,3.259999990463257,38246
2025-07-03,3.0999999046325684,3.259999990463257,3.0999999046325684,3.190000057220459,30497
2025-07-04,3.190000057220459,3.299999952316284,3.0199999809265137,3.2799999713897705,41465
2025-07-07,3.2799999713897705,3.559999942779541,3.2200000286102295,3.5299999713897705,51381
2025-07-08,3.5,3.740000009536743,3.440000057220459,3.680000066757202,59586
2025-07-09,3.5999999046325684,3.75,3.549999952316284,3.680000066757202,56785
2025-07-10,3.7300000190734863,3.930000066757202,3.5299999713897705,3.680000066757202,70873
2025-07-11,3.6500000953674316,3.680000066757202,3.369999885559082,3.4600000381469727,24077
2025-07-14,3.5,3.609999895095825,3.5,3.5799999237060547,10651
2025-07-15,3.5899999141693115,4.139999866485596,3.5399999618530273,3.799999952316284,81305
2025-07-16,3.799999952316284,3.799999952316284,3.5,3.680000066757202,37555
2025-07-17,3.680000066757202,3.7699999809265137,3.5999999046325684,3.700000047683716,31541
2025-07-18,3.700000047683716,3.9800000190734863,3.700000047683716,3.8499999046325684,64572
2025-07-21,3.8499999046325684,3.8499999046325684,3.6600000858306885,3.7200000286102295,38273
2025-07-22,3.7200000286102295,3.7200000286102295,3.5199999809265137,3.700000047683716,25240
2025-07-23,3.690000057220459,3.700000047683716,3.5999999046325684,3.619999885559082,7832
2025-07-24,3.690000057220459,3.690000057220459,3.509999990463257,3.569999933242798,21013
2025-07-25,3.640000104904175,3.640000104904175,3.2799999713897705,3.4600000381469727,84935
2025-07-28,3.4600000381469727,3.4600000381469727,3.2300000190734863,3.390000104904175,68390
2025-07-29,3.390000104904175,3.430000066757202,3.309999942779541,3.430000066757202,11582
2025-07-30,3.450000047683716,3.5299999713897705,3.3399999141693115,3.5299999713897705,11152
2025-07-31,3.4800000190734863,3.4800000190734863,3.3499999046325684,3.369999885559082,2412
2025-08-01,3.359999895095825,3.440000057220459,3.3299999237060547,3.4000000953674316,14233
2025-08-04,3.4000000953674316,3.4800000190734863,3.380000114440918,3.4800000190734863,7375
2025-08-05,3.5299999713897705,3.5899999141693115,3.440000057220459,3.549999952316284,8020
2025-08-06,3.5899999141693115,3.5899999141693115,3.3399999141693115,3.4200000762939453,61862
2025-08-07,3.490000009536743,3.490000009536743,3.1600000858306885,3.3499999046325684,44424
2025-08-08,3.390000104904175,3.390000104904175,3.069999933242798,3.200000047683716,40620
2025-08-11,3.1600000858306885,3.2899999618530273,2.9200000762939453,3.049999952316284,104695
2025-08-12,3.119999885559082,3.1500000953674316,2.9000000953674316,2.9700000286102295,49020
2025-08-13,2.990000009536743,3.140000104904175,2.859999895095825,2.9000000953674316,121669
2025-08-14,2.9100000858306885,3.180000066757202,2.880000114440918,3.0,98171
2025-08-18,3.0,3.0399999618530273,2.880000114440918,2.9100000858306885,57265
2025-08-19,2.9600000381469727,3.2100000381469727,2.9200000762939453,3.190000057220459,43660
2025-08-20,3.1700000762939453,3.200000047683716,3.009999990463257,3.130000114440918,41693
2025-08-21,3.200000047683716,3.380000114440918,3.0999999046325684,3.380000114440918,36289
2025-08-22,3.369999885559082,3.369999885559082,3.1700000762939453,3.180000066757202,24088
2025-08-25,3.25,3.25,3.0799999237060547,3.180000066757202,21665
2025-08-26,3.180000066757202,3.180000066757202,3.0899999141693115,3.1500000953674316,6031
2025-08-27,3.180000066757202,3.180000066757202,3.059999942779541,3.140000104904175,3263
2025-08-28,3.140000104904175,3.200000047683716,3.0899999141693115,3.0999999046325684,7969
2025-08-29,3.0999999046325684,3.190000057220459,2.9200000762939453,3.0,23577
2025-09-01,2.9700000286102295,3.0,2.9100000858306885,2.9800000190734863,28106
2025-09-02,2.9800000190734863,2.9800000190734863,2.9000000953674316,2.9600000381469727,3154
2025-09-03,2.9700000286102295,3.140000104904175,2.950000047683716,3.059999942779541,28363
2025-09-04,3.140000104904175,3.359999895095825,3.059999942779541,3.299999952316284,39052
2025-09-05,3.2899999618530273,3.299999952316284,3.130000114440918,3.1500000953674316,18116
2025-09-08,3.140000104904175,3.4000000953674316,3.069999933242798,3.299999952316284,37522
2025-09-09,3.390000104904175,3.4000000953674316,3.1600000858306885,3.1700000762939453,50087
2025-09-10,3.1700000762939453,3.2899999618530273,3.0399999618530273,3.0999999046325684,22306
2025-09-11,3.25,3.25,3.0999999046325684,3.0999999046325684,1966
2025-09-12,3.190000057220459,3.190000057220459,3.0799999237060547,3.1500000953674316,3597
2025-09-15,3.1500000953674316,3.259999990463257,3.069999933242798,3.259999990463257,10636
2025-09-16,3.259999990463257,3.259999990463257,3.200000047683716,3.200000047683716,1655
2025-09-17,3.200000047683716,3.380000114440918,3.200000047683716,3.299999952316284,47501
2025-09-18,3.299999952316284,3.299999952316284,3.2300000190734863,3.299999952316284,20939
2025-09-19,3.299999952316284,3.380000114440918,3.25,3.299999952316284,43098
2025-09-22,3.4000000953674316,3.5899999141693115,3.309999942779541,3.569999933242798,68229
2025-09-23,3.5,3.5899999141693115,3.319999933242798,3.319999933242798,2318
2025-09-24,3.5,3.5,3.380000114440918,3.4000000953674316,3820
2025-09-25,3.3399999141693115,3.430000066757202,3.299999952316284,3.309999942779541,10923
2025-09-26,3.3399999141693115,3.3399999141693115,3.119999885559082,3.319999933242798,21122
2025-09-29,3.1700000762939453,3.559999942779541,3.1700000762939453,3.559999942779541,33061
2025-09-30,3.559999942779541,3.640000104904175,3.359999895095825,3.4100000858306885,21799
2025-10-01,3.3299999237060547,3.380000114440918,3.2100000381469727,3.3499999046325684,25581
2025-10-02,3.25,3.390000104904175,3.25,3.369999885559082,1745
2025-10-03,3.369999885559082,3.369999885559082,3.25,3.25,6594
2025-10-06,3.2300000190734863,3.299999952316284,3.190000057220459,3.190000057220459,25976
2025-10-07,3.2100000381469727,3.2699999809265137,3.190000057220459,3.190000057220459,14346
2025-10-08,3.2699999809265137,3.2699999809265137,3.190000057220459,3.259999990463257,3252
2025-10-09,3.2699999809265137,3.2699999809265137,3.1600000858306885,3.25,8572
2025-10-10,3.25,3.25,3.1600000858306885,3.2100000381469727,5432
2025-10-13,3.2100000381469727,3.2300000190734863,3.2100000381469727,3.2100000381469727,4262
2025-10-14,3.2100000381469727,3.2100000381469727,3.140000104904175,3.1600000858306885,12697
2025-10-15,3.1600000858306885,3.3499999046325684,3.0999999046325684,3.2899999618530273,25848
2025-10-16,3.319999933242798,3.319999933242798,3.1700000762939453,3.1700000762939453,2666
2025-10-17,3.2699999809265137,3.2699999809265137,3.1500000953674316,3.1500000953674316,2761
2025-10-20,3.1700000762939453,3.25,3.1600000858306885,3.180000066757202,10027
2025-10-21,3.180000066757202,3.25,3.180000066757202,3.200000047683716,1165
2025-10-22,3.25,3.2799999713897705,3.180000066757202,3.240000009536743,7700
2025-10-23,3.240000009536743,3.299999952316284,3.2100000381469727,3.2200000286102295,6180
2025-10-24,3.299999952316284,3.299999952316284,3.180000066757202,3.200000047683716,1626
2025-10-27,3.2899999618530273,3.2899999618530273,3.200000047683716,3.200000047683716,1765
2025-10-28,3.200000047683716,3.2100000381469727,3.140000104904175,3.140000104904175,8408
2025-10-29,3.140000104904175,3.240000009536743,3.140000104904175,3.140000104904175,7603
2025-10-30,3.190000057220459,3.190000057220459,3.0999999046325684,3.109999895095825,9445
2025-10-31,3.1500000953674316,3.2699999809265137,3.140000104904175,3.1500000953674316,22676
2025-11-03,3.119999885559082,3.299999952316284,3.119999885559082,3.1700000762939453,47160
2025-11-04,3.2200000286102295,3.2300000190734863,3.1600000858306885,3.200000047683716,11451
2025-11-05,3.2300000190734863,3.2300000190734863,2.9700000286102295,3.140000104904175,87847
2025-11-06,3.140000104904175,3.140000104904175,3.0999999046325684,3.0999999046325684,3726
2025-11-07,3.0999999046325684,3.130000114440918,3.0399999618530273,3.0399999618530273,9343
2025-11-10,3.0399999618530273,3.140000104904175,3.0399999618530273,3.0799999237060547,2030
2025-11-12,3.0799999237060547,3.130000114440918,2.9700000286102295,3.0799999237060547,20890
2025-11-13,3.0799999237060547,3.0799999237060547,3.0,3.009999990463257,3778
2025-11-14,3.0399999618530273,3.119999885559082,3.0399999618530273,3.119999885559082,4327
2025-11-17,3.119999885559082,3.119999885559082,3.059999942779541,3.069999933242798,821
2025-11-18,3.069999933242798,3.119999885559082,3.0199999809265137,3.0799999237060547,9948
2025-11-19,3.0799999237060547,3.1500000953674316,3.0799999237060547,3.130000114440918,4196
2025-11-20,3.119999885559082,3.2100000381469727,3.0999999046325684,3.1700000762939453,20012
2025-11-21,3.2200000286102295,3.2200000286102295,3.049999952316284,3.049999952316284,21069
2025-11-24,3.0799999237060547,3.0999999046325684,3.049999952316284,3.0899999141693115,23644
2025-11-25,3.0899999141693115,3.0899999141693115,3.0,3.0,20279
2025-11-26,3.0,3.1600000858306885,3.0,3.140000104904175,8741
2025-11-27,3.1600000858306885,3.1600000858306885,3.0899999141693115,3.1600000858306885,13340
2025-11-28,3.200000047683716,3.25,3.049999952316284,3.25,29440
2025-12-01,3.2200000286102295,3.4200000762939453,3.140000104904175,3.4200000762939453,33862
2025-12-02,3.4200000762939453,3.4800000190734863,3.3299999237060547,3.3499999046325684,31870
2025-12-03,3.4800000190734863,3.4800000190734863,3.380000114440918,3.4700000286102295,5320
2025-12-04,3.5,3.5,3.4000000953674316,3.4200000762939453,4360
2025-12-05,3.4600000381469727,3.4600000381469727,3.359999895095825,3.369999885559082,5183
2025-12-08,3.369999885559082,3.490000009536743,3.369999885559082,3.4600000381469727,451
2025-12-09,3.4700000286102295,3.4700000286102295,3.299999952316284,3.430000066757202,12891
2025-12-10,3.430000066757202,3.4600000381469727,3.4100000858306885,3.450000047683716,389
2025-12-11,3.450000047683716,3.450000047683716,3.3399999141693115,3.3499999046325684,8032
2025-12-12,3.3499999046325684,3.440000057220459,3.3499999046325684,3.359999895095825,5443
2025-12-15,3.450000047683716,3.450000047683716,3.309999942779541,3.3299999237060547,12374
2025-12-16,3.3299999237060547,3.4800000190734863,3.3299999237060547,3.4600000381469727,30738
2025-12-17,3.4600000381469727,3.4600000381469727,3.3399999141693115,3.359999895095825,18134
2025-12-18,3.359999895095825,3.6500000953674316,3.359999895095825,3.430000066757202,24593
2025-12-19,3.5299999713897705,3.609999895095825,3.440000057220459,3.490000009536743,4616
2025-12-22,3.799999952316284,3.799999952316284,3.700000047683716,3.799999952316284,70910
2025-12-23,3.7899999618530273,3.819999933242798,3.75,3.819999933242798,111955
2025-12-29,3.819999933242798,4.170000076293945,3.819999933242798,4.039999961853027,101353
2025-12-30,4.070000171661377,4.460000038146973,4.070000171661377,4.429999828338623,143628
2026-01-02,4.480000019073486,4.489999771118164,4.300000190734863,4.400000095367432,71345
2026-01-05,4.440000057220459,4.440000057220459,4.099999904632568,4.300000190734863,57046
2026-01-07,4.400000095367432,4.550000190734863,4.349999904632568,4.5,56838
2026-01-08,4.489999771118164,4.489999771118164,4.199999809265137,4.289999961853027,34840
2026-01-09,4.320000171661377,4.360000133514404,4.21999979019165,4.300000190734863,31745
2026-01-12,4.300000190734863,4.329999923706055,4.269999980926514,4.28000020980835,18886
2026-01-13,4.28000020980835,4.329999923706055,4.039999961853027,4.329999923706055,43216
2026-01-14,4.329999923706055,4.329999923706055,4.199999809265137,4.199999809265137,15232
2026-01-15,4.179999828338623,4.329999923706055,4.079999923706055,4.190000057220459,16760
2026-01-16,4.190000057220459,4.269999980926514,4.130000114440918,4.199999809265137,15577
2026-01-19,4.239999771118164,4.329999923706055,4.119999885559082,4.289999961853027,37228
2026-01-20,4.289999961853027,4.289999961853027,4.150000095367432,4.230000019073486,3078
2026-01-21,4.139999866485596,4.28000020980835,4.130000114440918,4.28000020980835,10717
2026-01-22,4.28000020980835,4.329999923706055,4.179999828338623,4.260000228881836,10042
2026-01-23,4.320000171661377,4.75,4.25,4.599999904632568,57267
2026-01-26,4.71999979019165,4.940000057220459,4.599999904632568,4.78000020980835,53128
2026-01-27,4.78000020980835,4.800000190734863,4.519999980926514,4.570000171661377,30550
2026-01-28,4.579999923706055,4.579999923706055,4.360000133514404,4.400000095367432,23638
2026-01-29,4.460000038146973,4.460000038146973,4.300000190734863,4.360000133514404,32392
2026-01-30,4.429999828338623,4.690000057220459,4.300000190734863,4.659999847412109,54737
2026-02-02,4.659999847412109,4.800000190734863,4.570000171661377,4.690000057220459,44909
2026-02-03,4.739999771118164,4.869999885559082,4.670000076293945,4.800000190734863,22035
2026-02-04,4.800000190734863,4.800000190734863,4.559999942779541,4.559999942779541,11699
2026-02-05,4.639999866485596,4.639999866485596,4.230000019073486,4.5,39780
2026-02-06,4.650000095367432,4.769999980926514,4.5,4.559999942779541,20616
2026-02-09,4.599999904632568,4.739999771118164,4.510000228881836,4.579999923706055,10156
2026-02-10,4.639999866485596,4.730000019073486,4.559999942779541,4.659999847412109,14020
2026-02-11,4.570000171661377,4.78000020980835,4.570000171661377,4.760000228881836,16960
2026-02-12,4.75,4.78000020980835,4.659999847412109,4.769999980926514,9967
2026-02-13,4.75,4.75,4.610000133514404,4.699999809265137,11310
2026-02-16,4.699999809265137,4.789999961853027,4.610000133514404,4.690000057220459,20324
2026-02-17,4.789999961853027,4.789999961853027,4.619999885559082,4.679999828338623,6585
2026-02-18,4.630000114440918,4.739999771118164,4.619999885559082,4.630000114440918,9324
2026-02-19,4.71999979019165,4.71999979019165,4.599999904632568,4.639999866485596,4832
2026-02-20,4.659999847412109,4.659999847412109,4.53000020980835,4.650000095367432,8877
2026-02-23,4.650000095367432,4.670000076293945,4.550000190734863,4.599999904632568,6770
2026-02-24,4.559999942779541,4.639999866485596,4.449999809265137,4.619999885559082,11428
2026-02-25,4.630000114440918,4.630000114440918,4.53000020980835,4.630000114440918,4985
2026-02-26,4.630000114440918,4.630000114440918,4.440000057220459,4.519999980926514,15024
2026-02-27,4.5,4.5,4.389999866485596,4.489999771118164,5972
2026-03-02,4.489999771118164,4.489999771118164,4.369999885559082,4.420000076293945,1676
2026-03-03,4.420000076293945,4.460000038146973,4.150000095367432,4.159999847412109,24915
2026-03-04,4.110000133514404,4.400000095367432,4.110000133514404,4.369999885559082,14445
2026-03-05,4.369999885559082,4.389999866485596,4.199999809265137,4.210000038146973,8531
2026-03-06,4.210000038146973,4.349999904632568,4.159999847412109,4.269999980926514,11045
2026-03-09,3.9100000858306885,4.300000190734863,3.9100000858306885,4.070000171661377,30960
2026-03-10,4.070000171661377,4.21999979019165,3.9000000953674316,4.070000171661377,44309
2026-03-11,4.039999961853027,4.059999942779541,3.9700000286102295,3.9700000286102295,6861
2026-03-12,4.010000228881836,4.010000228881836,3.609999895095825,3.809999942779541,74111
2026-03-13,3.799999952316284,3.9100000858306885,3.75,3.869999885559082,8671
2026-03-16,3.9000000953674316,3.9000000953674316,3.75,3.819999933242798,9297
2026-03-17,3.8399999141693115,3.869999885559082,3.75,3.8499999046325684,12102
2026-03-18,3.7799999713897705,3.9700000286102295,3.7799999713897705,3.819999933242798,16071
2026-03-19,3.9000000953674316,3.9000000953674316,3.740000009536743,3.759999990463257,9725
2026-03-20,3.7799999713897705,3.9000000953674316,3.7200000286102295,3.8299999237060547,31614
2026-03-23,3.819999933242798,3.9100000858306885,3.7300000190734863,3.9100000858306885,8367
2026-03-24,3.950000047683716,3.950000047683716,3.8499999046325684,3.859999895095825,8990
2026-03-25,3.950000047683716,4.199999809265137,3.950000047683716,4.130000114440918,27984
2026-03-26,4.179999828338623,4.179999828338623,4.070000171661377,4.119999885559082,437
2026-03-27,4.119999885559082,4.139999866485596,3.7799999713897705,3.9200000762939453,42803
2026-03-30,3.9100000858306885,3.9800000190734863,3.8299999237060547,3.8299999237060547,16510
2026-03-31,3.8299999237060547,3.9700000286102295,3.819999933242798,3.9200000762939453,19252
2026-04-01,3.890000104904175,4.059999942779541,3.890000104904175,4.019999980926514,7763
2026-04-02,3.940000057220459,4.039999961853027,3.9000000953674316,4.039999961853027,10535
2026-04-07,4.03000020980835,4.159999847412109,3.930000066757202,4.159999847412109,20174
2026-04-08,4.199999809265137,4.449999809265137,4.0,4.150000095367432,38903
2026-04-09,4.170000076293945,4.170000076293945,4.070000171661377,4.070000171661377,504
2026-04-10,4.070000171661377,4.440000057220459,4.070000171661377,4.349999904632568,49697
2026-04-13,4.349999904632568,4.349999904632568,4.170000076293945,4.260000228881836,19073
2026-04-14,4.340000152587891,4.340000152587891,4.230000019073486,4.300000190734863,14669
2026-04-15,4.300000190734863,4.340000152587891,4.25,4.300000190734863,11341
2026-04-16,4.340000152587891,4.400000095367432,4.239999771118164,4.360000133514404,18004
2026-04-17,4.409999847412109,4.699999809265137,4.360000133514404,4.599999904632568,69807
2026-04-20,4.480000019073486,4.679999828338623,4.409999847412109,4.679999828338623,26153
2026-04-21,4.690000057220459,4.71999979019165,4.53000020980835,4.599999904632568,9487
2026-04-22,4.699999809265137,4.760000228881836,4.449999809265137,4.599999904632568,27078
2026-04-23,4.599999904632568,4.599999904632568,4.349999904632568,4.510000228881836,27291
2026-04-24,4.5,4.630000114440918,4.429999828338623,4.599999904632568,17334
2026-04-27,4.599999904632568,4.849999904632568,4.510000228881836,4.809999942779541,33413
2026-04-28,4.820000171661377,4.880000114440918,4.639999866485596,4.820000171661377,20395
2026-04-29,5.039999961853027,5.159999847412109,4.800000190734863,4.800000190734863,79481
2026-04-30,4.880000114440918,4.96999979019165,4.769999980926514,4.920000076293945,44510
2026-05-04,4.949999809265137,4.980000019073486,4.739999771118164,4.809999942779541,22830
2026-05-05,4.960000038146973,4.960000038146973,4.800000190734863,4.840000152587891,29005
2026-05-06,4.880000114440918,5.380000114440918,4.880000114440918,5.099999904632568,79345
2026-05-07,5.260000228881836,5.260000228881836,4.980000019073486,5.059999942779541,42571
2026-05-08,5.199999809265137,5.260000228881836,5.019999980926514,5.079999923706055,35108
2026-05-11,5.21999979019165,5.28000020980835,5.059999942779541,5.119999885559082,14885
2026-05-12,5.21999979019165,5.21999979019165,4.900000095367432,4.909999847412109,13950
2026-05-13,4.909999847412109,5.139999866485596,4.849999904632568,5.0,20786
2026-05-14,5.119999885559082,5.239999771118164,4.860000133514404,5.179999828338623,42435
2026-05-15,5.159999847412109,5.179999828338623,4.960000038146973,5.079999923706055,19383
2026-05-18,5.059999942779541,5.119999885559082,4.929999828338623,5.039999961853027,29042
2026-05-19,5.059999942779541,5.159999847412109,5.039999961853027,5.059999942779541,13600
2026-05-20,5.139999866485596,5.159999847412109,4.960000038146973,4.980000019073486,7821
2026-05-21,5.0,5.0,4.920000076293945,4.989999771118164,2647
2026-05-22,4.989999771118164,4.989999771118164,4.760000228881836,4.760000228881836,16256
2026-05-25,4.699999809265137,4.940000057220459,4.610000133514404,4.909999847412109,24566
2026-05-26,4.909999847412109,4.980000019073486,4.760000228881836,4.840000152587891,18891
2026-05-27,4.940000057220459,5.039999961853027,4.829999923706055,4.829999923706055,24412
2026-05-28,4.920000076293945,4.920000076293945,4.699999809265137,4.820000171661377,27797
2026-05-29,4.78000020980835,4.909999847412109,4.659999847412109,4.900000095367432,8087
2026-06-01,4.760000228881836,5.0,4.5,4.519999980926514,71894
2026-06-02,4.619999885559082,4.75,4.53000020980835,4.650000095367432,20613
2026-06-03,4.5,4.949999809265137,4.5,4.739999771118164,28805
2026-06-05,4.769999980926514,4.809999942779541,4.599999904632568,4.739999771118164,10469
2026-06-08,4.739999771118164,4.739999771118164,4.630000114440918,4.699999809265137,1574
2026-06-09,4.710000038146973,4.710000038146973,4.599999904632568,4.610000133514404,3970
2026-06-10,4.690000057220459,4.690000057220459,4.53000020980835,4.679999828338623,10947
2026-06-11,4.679999828338623,4.679999828338623,4.489999771118164,4.550000190734863,21036
2026-06-12,4.550000190734863,4.710000038146973,4.550000190734863,4.690000057220459,5184
2026-06-15,4.690000057220459,4.690000057220459,4.409999847412109,4.550000190734863,24036
2026-06-16,4.550000190734863,4.670000076293945,4.53000020980835,4.670000076293945,4971
2026-06-17,4.539999961853027,4.639999866485596,4.53000020980835,4.619999885559082,8175
2026-06-18,4.570000171661377,4.619999885559082,4.550000190734863,4.619999885559082,4775
2026-06-19,4.619999885559082,4.630000114440918,4.550000190734863,4.630000114440918,4940
2026-06-22,4.630000114440918,4.659999847412109,4.53000020980835,4.639999866485596,9552
2026-06-23,4.630000114440918,4.630000114440918,4.53000020980835,4.599999904632568,2509
2026-06-24,4.599999904632568,4.599999904632568,4.480000019073486,4.570000171661377,4287
2026-06-25,4.550000190734863,4.670000076293945,4.489999771118164,4.670000076293945,5730
2026-06-26,4.670000076293945,4.670000076293945,4.539999961853027,4.539999961853027,4553
2026-06-29,4.570000171661377,4.679999828338623,4.550000190734863,4.599999904632568,3467
2026-06-30,4.679999828338623,4.730000019073486,4.519999980926514,4.659999847412109,6848
2026-07-01,4.659999847412109,4.690000057220459,4.619999885559082,4.679999828338623,1887
2026-07-02,4.679999828338623,4.789999961853027,4.650000095367432,4.760000228881836,22296
2026-07-03,4.760000228881836,5.039999961853027,4.760000228881836,5.0,21265
2026-07-06,4.980000019073486,5.079999923706055,4.909999847412109,5.019999980926514,24919
2026-07-07,4.989999771118164,5.039999961853027,4.880000114440918,5.019999980926514,15483
2026-07-08,4.929999828338623,5.0,4.860000133514404,4.949999809265137,10824
2026-07-09,5.0,5.0,4.920000076293945,4.920000076293945,1403
2026-07-10,4.989999771118164,5.099999904632568,4.920000076293945,5.0,18702
2026-07-13,5.059999942779541,5.079999923706055,4.949999809265137,5.039999961853027,8288
2026-07-14,5.0,5.0,4.889999866485596,4.889999866485596,12857
2026-07-15,5.0,5.0,4.849999904632568,4.849999904632568,15831
2026-07-16,4.949999809265137,4.949999809265137,4.809999942779541,4.829999923706055,6124
2026-07-17,4.900000095367432,4.909999847412109,4.809999942779541,4.809999942779541,6441
2026-07-20,4.820000171661377,4.849999904632568,4.800000190734863,4.809999942779541,37218
2026-07-21,4.840000152587891,4.909999847412109,4.800000190734863,4.869999885559082,21632
2026-07-22,4.849999904632568,4.909999847412109,4.829999923706055,4.869999885559082,5018
2026-07-23,4.869999885559082,4.869999885559082,4.670000076293945,4.809999942779541,16607
2026-07-24,4.860000133514404,4.949999809265137,4.730000019073486,4.789999961853027,13832
2026-07-27,4.929999828338623,4.929999828338623,4.730000019073486,4.860000133514404,7660
2026-07-28,4.820000171661377,4.860000133514404,4.789999961853027,4.800000190734863,5272
2026-07-29,4.860000133514404,4.860000133514404,4.679999828338623,4.849999904632568,29583
2026-07-30,4.849999904632568,4.940000057220459,4.699999809265137,4.849999904632568,52873
2026-07-31,4.809999942779541,4.920000076293945,4.809999942779541,4.869999885559082,5548
2026-08-03,4.900000095367432,4.940000057220459,4.869999885559082,4.929999828338623,12214
2026-08-04,4.96999979019165,4.96999979019165,4.900000095367432,4.949999809265137,16134
2026-08-05,4.949999809265137,4.980000019073486,4.940000057220459,4.940000057220459,9566
2026-08-06,4.940000057220459,4.960000038146973,4.900000095367432,4.909999847412109,5813
2026-08-07,4.940000057220459,4.96999979019165,4.900000095367432,4.909999847412109,6460
2026-08-10,4.929999828338623,5.0,4.900000095367432,4.960000038146973,11950
2026-08-11,4.989999771118164,4.989999771118164,4.920000076293945,4.949999809265137,2345
2026-08-12,4.920000076293945,5.0,4.900000095367432,4.909999847412109,10632
2026-08-13,4.900000095367432,4.929999828338623,4.880000114440918,4.889999866485596,11916
2026-08-14,4.929999828338623,4.929999828338623,4.889999866485596,4.929999828338623,2278
2026-08-17,4.929999828338623,4.929999828338623,4.860000133514404,4.860000133514404,9111
2026-08-18,4.920000076293945,4.949999809265137,4.880000114440918,4.900000095367432,12052
2026-08-19,4.949999809265137,4.949999809265137,4.900000095367432,4.940000057220459,733
2026-08-20,4.900000095367432,4.960000038146973,4.900000095367432,4.940000057220459,4771
2026-08-21,4.960000038146973,5.0,4.940000057220459,5.0,10642
2026-08-24,5.0,5.0,4.900000095367432,5.0,14572
2026-08-25,5.0,5.0,4.929999828338623,5.0,21905
2026-08-26,5.0,5.260000228881836,5.0,5.260000228881836,64662
2026-08-27,5.260000228881836,5.28000020980835,5.119999885559082,5.239999771118164,11511
2026-08-28,5.239999771118164,5.260000228881836,4.989999771118164,5.099999904632568,95777
2026-08-31,5.099999904632568,5.119999885559082,5.0,5.059999942779541,7632
2026-09-01,5.059999942779541,5.099999904632568,4.769999980926514,4.980000019073486,11028
2026-09-02,4.949999809265137,5.039999961853027,4.869999885559082,5.039999961853027,9169
2026-09-03,5.019999980926514,5.119999885559082,4.929999828338623,4.940000057220459,11503
2026-09-04,4.929999828338623,5.059999942779541,4.929999828338623,4.960000038146973,4365
2026-09-08,4.920000076293945,4.989999771118164,4.849999904632568,4.849999904632568,8324
2026-09-09,4.820000171661377,4.949999809265137,4.820000171661377,4.920000076293945,9256
2026-09-10,4.920000076293945,4.949999809265137,4.829999923706055,4.929999828338623,14614
2026-09-11,4.940000057220459,4.940000057220459,4.820000171661377,4.860000133514404,18597
2026-09-14,4.820000171661377,4.889999866485596,4.659999847412109,4.659999847412109,5470
2026-09-15,4.849999904632568,4.849999904632568,4.670000076293945,4.739999771118164,6682
2026-09-17,4.840000152587891,4.840000152587891,4.820000171661377,4.820000171661377,418
2026-09-18,4.840000152587891,4.840000152587891,4.78000020980835,4.789999961853027,8374
